framework-bom/framework-bom.gradle,spring-framework-bom/spring-framework-bom.gradle
framework-bom/spring-framework-bom.txt,spring-framework-bom/spring-framework-bom.txt
integration-tests/src/test/java/.gitignore,src/test/java/.gitignore
integration-tests/src/test/java/org/springframework/aop/config/AopNamespaceHandlerScopeIntegrationTests.java,src/test/java/org/springframework/aop/config/AopNamespaceHandlerScopeIntegrationTests.java
integration-tests/src/test/java/org/springframework/aop/framework/autoproxy/AdvisorAutoProxyCreatorIntegrationTests.java,src/test/java/org/springframework/aop/framework/autoproxy/AdvisorAutoProxyCreatorIntegrationTests.java
integration-tests/src/test/java/org/springframework/beans/factory/xml/Component.java,integration-tests/src/test/java/com/foo/Component.java
integration-tests/src/test/java/org/springframework/beans/factory/xml/ComponentBeanDefinitionParser.java,integration-tests/src/test/java/com/foo/ComponentBeanDefinitionParser.java
integration-tests/src/test/java/org/springframework/beans/factory/xml/ComponentBeanDefinitionParserTests.java,integration-tests/src/test/java/com/foo/ComponentBeanDefinitionParserTests.java
integration-tests/src/test/java/org/springframework/beans/factory/xml/ComponentFactoryBean.java,integration-tests/src/test/java/com/foo/ComponentFactoryBean.java
integration-tests/src/test/java/org/springframework/beans/factory/xml/ComponentNamespaceHandler.java,integration-tests/src/test/java/com/foo/ComponentNamespaceHandler.java
integration-tests/src/test/java/org/springframework/cache/annotation/EnableCachingIntegrationTests.java,src/test/java/org/springframework/cache/annotation/EnableCachingIntegrationTests.java
integration-tests/src/test/java/org/springframework/context/annotation/jsr330/ClassPathBeanDefinitionScannerJsr330ScopeIntegrationTests.java,src/test/java/org/springframework/context/annotation/jsr330/ClassPathBeanDefinitionScannerJsr330ScopeIntegrationTests.java
integration-tests/src/test/java/org/springframework/context/annotation/scope/ClassPathBeanDefinitionScannerScopeIntegrationTests.java,src/test/java/org/springframework/context/annotation/scope/ClassPathBeanDefinitionScannerScopeIntegrationTests.java
integration-tests/src/test/java/org/springframework/core/env/EnvironmentSystemIntegrationTests.java,src/test/java/org/springframework/core/env/EnvironmentSystemIntegrationTests.java
integration-tests/src/test/java/org/springframework/core/env/PropertyPlaceholderConfigurerEnvironmentIntegrationTests.java,src/test/java/org/springframework/core/env/PropertyPlaceholderConfigurerEnvironmentIntegrationTests.java
integration-tests/src/test/java/org/springframework/core/env/scan1/Config.java,src/test/java/org/springframework/core/env/scan1/Config.java
integration-tests/src/test/java/org/springframework/core/env/scan1/DevConfig.java,src/test/java/org/springframework/core/env/scan1/DevConfig.java
integration-tests/src/test/java/org/springframework/core/env/scan1/ProdConfig.java,src/test/java/org/springframework/core/env/scan1/ProdConfig.java
integration-tests/src/test/java/org/springframework/core/env/scan2/DevBean.java,src/test/java/org/springframework/core/env/scan2/DevBean.java
integration-tests/src/test/java/org/springframework/core/env/scan2/ProdBean.java,src/test/java/org/springframework/core/env/scan2/ProdBean.java
integration-tests/src/test/java/org/springframework/expression/spel/support/BeanFactoryTypeConverter.java,src/test/java/org/springframework/expression/spel/support/BeanFactoryTypeConverter.java
integration-tests/src/test/java/org/springframework/expression/spel/support/Spr7538Tests.java,src/test/java/org/springframework/expression/spel/support/Spr7538Tests.java
integration-tests/src/test/java/org/springframework/scheduling/annotation/ScheduledAndTransactionalAnnotationIntegrationTests.java,src/test/java/org/springframework/scheduling/annotation/ScheduledAndTransactionalAnnotationIntegrationTests.java
integration-tests/src/test/java/org/springframework/transaction/annotation/EnableTransactionManagementIntegrationTests.java,src/test/java/org/springframework/transaction/annotation/EnableTransactionManagementIntegrationTests.java
integration-tests/src/test/java/org/springframework/transaction/annotation/ProxyAnnotationDiscoveryTests.java,src/test/java/org/springframework/transaction/annotation/ProxyAnnotationDiscoveryTests.java
integration-tests/src/test/resources/META-INF/spring.handlers,src/test/resources/META-INF/spring.handlers
integration-tests/src/test/resources/META-INF/spring.schemas,src/test/resources/META-INF/spring.schemas
integration-tests/src/test/resources/log4j2-test.xml,src/test/resources/log4j2-test.xml
integration-tests/src/test/resources/org/springframework/aop/config/AopNamespaceHandlerScopeIntegrationTests-context.xml,src/test/resources/org/springframework/aop/config/AopNamespaceHandlerScopeIntegrationTests-context.xml
integration-tests/src/test/resources/org/springframework/aop/framework/autoproxy/AdvisorAutoProxyCreatorIntegrationTests-context.xml,src/test/resources/org/springframework/aop/framework/autoproxy/AdvisorAutoProxyCreatorIntegrationTests-context.xml
integration-tests/src/test/resources/org/springframework/beans/factory/xml/component-config.xml,integration-tests/src/test/resources/com/foo/component-config.xml
integration-tests/src/test/resources/org/springframework/beans/factory/xml/component.xsd,integration-tests/src/test/resources/com/foo/component.xsd
integration-tests/src/test/resources/org/springframework/context/annotation/ltw/ComponentScanningWithLTWTests.xml,src/test/resources/org/springframework/context/annotation/ltw/ComponentScanningWithLTWTests.xml
integration-tests/src/test/resources/org/springframework/core/env/EnvironmentSystemIntegrationTests-context-dev.xml,src/test/resources/org/springframework/core/env/EnvironmentSystemIntegrationTests-context-dev.xml
integration-tests/src/test/resources/org/springframework/core/env/EnvironmentSystemIntegrationTests-context-prod.xml,src/test/resources/org/springframework/core/env/EnvironmentSystemIntegrationTests-context-prod.xml
integration-tests/src/test/resources/org/springframework/core/env/EnvironmentSystemIntegrationTests-context.xml,src/test/resources/org/springframework/core/env/EnvironmentSystemIntegrationTests-context.xml
integration-tests/src/test/resources/org/springframework/transaction/annotation/enable-caching.xml,src/test/resources/org/springframework/transaction/annotation/enable-caching.xml
integration-tests/src/test/resources/org/springframework/util/testlog4j.properties,src/test/resources/org/springframework/util/testlog4j.properties
integration-tests/src/test/resources/org/springframework/web/util/testlog4j.properties,src/test/resources/org/springframework/web/util/testlog4j.properties
spring-aop/src/testFixtures/java/org/springframework/aop/testfixture/advice/CountingAfterReturningAdvice.java,spring-aop/src/test/java/org/springframework/tests/aop/advice/CountingAfterReturningAdvice.java
spring-aop/src/testFixtures/java/org/springframework/aop/testfixture/advice/CountingBeforeAdvice.java,spring-aop/src/test/java/org/springframework/tests/aop/advice/CountingBeforeAdvice.java
spring-aop/src/testFixtures/java/org/springframework/aop/testfixture/advice/MethodCounter.java,spring-aop/src/test/java/org/springframework/tests/aop/advice/MethodCounter.java
spring-aop/src/testFixtures/java/org/springframework/aop/testfixture/advice/MyThrowsHandler.java,spring-aop/src/test/java/org/springframework/tests/aop/advice/MyThrowsHandler.java
spring-aop/src/testFixtures/java/org/springframework/aop/testfixture/advice/TimestampIntroductionAdvisor.java,spring-aop/src/test/java/org/springframework/tests/aop/advice/TimestampIntroductionAdvisor.java
spring-aop/src/testFixtures/java/org/springframework/aop/testfixture/interceptor/NopInterceptor.java,spring-aop/src/test/java/org/springframework/tests/aop/interceptor/NopInterceptor.java
spring-aop/src/testFixtures/java/org/springframework/aop/testfixture/interceptor/SerializableNopInterceptor.java,spring-aop/src/test/java/org/springframework/tests/aop/interceptor/SerializableNopInterceptor.java
spring-aop/src/testFixtures/java/org/springframework/aop/testfixture/interceptor/TimestampIntroductionInterceptor.java,spring-aop/src/test/java/org/springframework/tests/aop/interceptor/TimestampIntroductionInterceptor.java
spring-beans/src/testFixtures/java/org/springframework/beans/testfixture/beans/AgeHolder.java,spring-beans/src/testFixtures/java/org/springframework/beans/test/fixtures/beans/AgeHolder.java
spring-beans/src/testFixtures/java/org/springframework/beans/testfixture/beans/AnnotatedBean.java,spring-beans/src/testFixtures/java/org/springframework/beans/test/fixtures/beans/AnnotatedBean.java
spring-beans/src/testFixtures/java/org/springframework/beans/testfixture/beans/BooleanTestBean.java,spring-beans/src/testFixtures/java/org/springframework/beans/test/fixtures/beans/BooleanTestBean.java
spring-beans/src/testFixtures/java/org/springframework/beans/testfixture/beans/CollectingReaderEventListener.java,spring-beans/src/testFixtures/java/org/springframework/beans/test/fixtures/beans/CollectingReaderEventListener.java
spring-beans/src/testFixtures/java/org/springframework/beans/testfixture/beans/Colour.java,spring-beans/src/testFixtures/java/org/springframework/beans/test/fixtures/beans/Colour.java
spring-beans/src/testFixtures/java/org/springframework/beans/testfixture/beans/CountingTestBean.java,spring-beans/src/testFixtures/java/org/springframework/beans/test/fixtures/beans/CountingTestBean.java
spring-beans/src/testFixtures/java/org/springframework/beans/testfixture/beans/CustomEnum.java,spring-beans/src/testFixtures/java/org/springframework/beans/test/fixtures/beans/CustomEnum.java
spring-beans/src/testFixtures/java/org/springframework/beans/testfixture/beans/DependenciesBean.java,spring-beans/src/testFixtures/java/org/springframework/beans/test/fixtures/beans/DependenciesBean.java
spring-beans/src/testFixtures/java/org/springframework/beans/testfixture/beans/DerivedTestBean.java,spring-beans/src/testFixtures/java/org/springframework/beans/test/fixtures/beans/DerivedTestBean.java
spring-beans/src/testFixtures/java/org/springframework/beans/testfixture/beans/DummyBean.java,spring-beans/src/testFixtures/java/org/springframework/beans/test/fixtures/beans/DummyBean.java
spring-beans/src/testFixtures/java/org/springframework/beans/testfixture/beans/DummyFactory.java,spring-beans/src/testFixtures/java/org/springframework/beans/test/fixtures/beans/DummyFactory.java
spring-beans/src/testFixtures/java/org/springframework/beans/testfixture/beans/Employee.java,spring-beans/src/testFixtures/java/org/springframework/beans/test/fixtures/beans/Employee.java
spring-beans/src/testFixtures/java/org/springframework/beans/testfixture/beans/FactoryMethods.java,spring-beans/src/test/java/org/springframework/beans/factory/xml/FactoryMethods.java
spring-beans/src/testFixtures/java/org/springframework/beans/testfixture/beans/GenericBean.java,spring-beans/src/testFixtures/java/org/springframework/beans/test/fixtures/beans/GenericBean.java
spring-beans/src/testFixtures/java/org/springframework/beans/testfixture/beans/GenericIntegerBean.java,spring-beans/src/testFixtures/java/org/springframework/beans/test/fixtures/beans/GenericIntegerBean.java
spring-beans/src/testFixtures/java/org/springframework/beans/testfixture/beans/GenericSetOfIntegerBean.java,spring-beans/src/testFixtures/java/org/springframework/beans/test/fixtures/beans/GenericSetOfIntegerBean.java
spring-beans/src/testFixtures/java/org/springframework/beans/testfixture/beans/HasMap.java,spring-beans/src/testFixtures/java/org/springframework/beans/test/fixtures/beans/HasMap.java
spring-beans/src/testFixtures/java/org/springframework/beans/testfixture/beans/INestedTestBean.java,spring-beans/src/testFixtures/java/org/springframework/beans/test/fixtures/beans/INestedTestBean.java
spring-beans/src/testFixtures/java/org/springframework/beans/testfixture/beans/IOther.java,spring-beans/src/testFixtures/java/org/springframework/beans/test/fixtures/beans/IOther.java
spring-beans/src/testFixtures/java/org/springframework/beans/testfixture/beans/ITestBean.java,spring-beans/src/testFixtures/java/org/springframework/beans/test/fixtures/beans/ITestBean.java
spring-beans/src/testFixtures/java/org/springframework/beans/testfixture/beans/IndexedTestBean.java,spring-beans/src/testFixtures/java/org/springframework/beans/test/fixtures/beans/IndexedTestBean.java
spring-beans/src/testFixtures/java/org/springframework/beans/testfixture/beans/LifecycleBean.java,spring-beans/src/testFixtures/java/org/springframework/beans/test/fixtures/beans/LifecycleBean.java
spring-beans/src/testFixtures/java/org/springframework/beans/testfixture/beans/MustBeInitialized.java,spring-beans/src/testFixtures/java/org/springframework/beans/test/fixtures/beans/MustBeInitialized.java
spring-beans/src/testFixtures/java/org/springframework/beans/testfixture/beans/NestedTestBean.java,spring-beans/src/testFixtures/java/org/springframework/beans/test/fixtures/beans/NestedTestBean.java
spring-beans/src/testFixtures/java/org/springframework/beans/testfixture/beans/NumberTestBean.java,spring-beans/src/testFixtures/java/org/springframework/beans/test/fixtures/beans/NumberTestBean.java
spring-beans/src/testFixtures/java/org/springframework/beans/testfixture/beans/PackageLevelVisibleBean.java,spring-beans/src/testFixtures/java/org/springframework/beans/test/fixtures/beans/PackageLevelVisibleBean.java
spring-beans/src/testFixtures/java/org/springframework/beans/testfixture/beans/Person.java,spring-beans/src/testFixtures/java/org/springframework/beans/test/fixtures/beans/Person.java
spring-beans/src/testFixtures/java/org/springframework/beans/testfixture/beans/Pet.java,spring-beans/src/testFixtures/java/org/springframework/beans/test/fixtures/beans/Pet.java
spring-beans/src/testFixtures/java/org/springframework/beans/testfixture/beans/SerializablePerson.java,spring-beans/src/testFixtures/java/org/springframework/beans/test/fixtures/beans/SerializablePerson.java
spring-beans/src/testFixtures/java/org/springframework/beans/testfixture/beans/SideEffectBean.java,spring-beans/src/testFixtures/java/org/springframework/beans/test/fixtures/beans/SideEffectBean.java
spring-beans/src/testFixtures/java/org/springframework/beans/testfixture/beans/TestAnnotation.java,spring-beans/src/testFixtures/java/org/springframework/beans/test/fixtures/beans/TestAnnotation.java
spring-beans/src/testFixtures/java/org/springframework/beans/testfixture/beans/TestBean.java,spring-beans/src/testFixtures/java/org/springframework/beans/test/fixtures/beans/TestBean.java
spring-beans/src/testFixtures/java/org/springframework/beans/testfixture/beans/factory/DummyFactory.java,spring-beans/src/testFixtures/java/org/springframework/beans/test/fixtures/beans/factory/DummyFactory.java
spring-beans/src/testFixtures/java/org/springframework/beans/testfixture/beans/package-info.java,spring-beans/src/testFixtures/java/org/springframework/beans/test/fixtures/beans/package-info.java
spring-beans/src/testFixtures/java/org/springframework/beans/testfixture/beans/subpkg/DeepBean.java,spring-beans/src/testFixtures/java/org/springframework/beans/test/fixtures/beans/subpkg/DeepBean.java
spring-beans/src/testFixtures/java/org/springframework/beans/testfixture/factory/xml/AbstractBeanFactoryTests.java,spring-beans/src/testFixtures/java/org/springframework/beans/test/fixtures/factory/xml/AbstractBeanFactoryTests.java
spring-beans/src/testFixtures/java/org/springframework/beans/testfixture/factory/xml/AbstractListableBeanFactoryTests.java,spring-beans/src/testFixtures/java/org/springframework/beans/test/fixtures/factory/xml/AbstractListableBeanFactoryTests.java
spring-context-support/src/testFixtures/java/org/springframework/contextsupport/testfixture/cache/TestableCacheKeyGenerator.java,spring-context-support/src/test/java/org/springframework/cache/jcache/support/TestableCacheKeyGenerator.java
spring-context-support/src/testFixtures/java/org/springframework/contextsupport/testfixture/cache/TestableCacheResolver.java,spring-context-support/src/test/java/org/springframework/cache/jcache/support/TestableCacheResolver.java
spring-context-support/src/testFixtures/java/org/springframework/contextsupport/testfixture/cache/TestableCacheResolverFactory.java,spring-context-support/src/test/java/org/springframework/cache/jcache/support/TestableCacheResolverFactory.java
spring-context-support/src/testFixtures/java/org/springframework/contextsupport/testfixture/jcache/AbstractJCacheAnnotationTests.java,spring-context-support/src/test/java/org/springframework/cache/jcache/config/AbstractJCacheAnnotationTests.java
spring-context-support/src/testFixtures/java/org/springframework/contextsupport/testfixture/jcache/JCacheableService.java,spring-context-support/src/test/java/org/springframework/cache/jcache/config/JCacheableService.java
spring-context/src/test/java/example/gh24375/AnnotatedComponent.java,spring-context/src/test/java/example/gh24375/MyComponent.java
spring-context/src/test/java/example/gh24375/EnclosingAnnotation.java,spring-context/src/test/java/example/gh24375/A.java
spring-context/src/test/java/example/gh24375/NestedAnnotation.java,spring-context/src/test/java/example/gh24375/B.java
spring-context/src/test/java/example/scannable/PackageMarker.java,spring-context/src/test/java/example/scannable/_package.java
spring-context/src/test/java/org/springframework/context/annotation/jsr330/SpringAtInjectTckTests.java,spring-context/src/test/java/org/springframework/context/annotation/jsr330/SpringAtInjectTck.java
spring-context/src/testFixtures/java/org/springframework/context/testfixture/AbstractApplicationContextTests.java,spring-context/src/testFixtures/java/org/springframework/context/test/fixtures/AbstractApplicationContextTests.java
spring-context/src/testFixtures/java/org/springframework/context/testfixture/SimpleMapScope.java,spring-context/src/testFixtures/java/org/springframework/context/test/fixtures/SimpleMapScope.java
spring-context/src/testFixtures/java/org/springframework/context/testfixture/beans/ACATester.java,spring-context/src/testFixtures/java/org/springframework/context/test/fixtures/beans/ACATester.java
spring-context/src/testFixtures/java/org/springframework/context/testfixture/beans/BeanThatBroadcasts.java,spring-context/src/testFixtures/java/org/springframework/context/test/fixtures/beans/BeanThatBroadcasts.java
spring-context/src/testFixtures/java/org/springframework/context/testfixture/beans/BeanThatListens.java,spring-context/src/testFixtures/java/org/springframework/context/test/fixtures/beans/BeanThatListens.java
spring-context/src/testFixtures/java/org/springframework/context/testfixture/beans/TestApplicationListener.java,spring-context/src/testFixtures/java/org/springframework/context/test/fixtures/beans/TestApplicationListener.java
spring-context/src/testFixtures/java/org/springframework/context/testfixture/cache/AbstractCacheAnnotationTests.java,spring-context/src/testFixtures/java/org/springframework/context/test/fixtures/cache/AbstractCacheAnnotationTests.java
spring-context/src/testFixtures/java/org/springframework/context/testfixture/cache/AbstractCacheTests.java,spring-context/src/testFixtures/java/org/springframework/context/test/fixtures/cache/AbstractCacheTests.java
spring-context/src/testFixtures/java/org/springframework/context/testfixture/cache/AbstractValueAdaptingCacheTests.java,spring-context/src/testFixtures/java/org/springframework/context/test/fixtures/cache/AbstractValueAdaptingCacheTests.java
spring-context/src/testFixtures/java/org/springframework/context/testfixture/cache/CacheTestUtils.java,spring-context/src/testFixtures/java/org/springframework/context/test/fixtures/cache/CacheTestUtils.java
spring-context/src/testFixtures/java/org/springframework/context/testfixture/cache/SomeCustomKeyGenerator.java,spring-context/src/testFixtures/java/org/springframework/context/test/fixtures/cache/SomeCustomKeyGenerator.java
spring-context/src/testFixtures/java/org/springframework/context/testfixture/cache/SomeKeyGenerator.java,spring-context/src/testFixtures/java/org/springframework/context/test/fixtures/cache/SomeKeyGenerator.java
spring-context/src/testFixtures/java/org/springframework/context/testfixture/cache/beans/AnnotatedClassCacheableService.java,spring-context/src/testFixtures/java/org/springframework/context/test/fixtures/cache/beans/AnnotatedClassCacheableService.java
spring-context/src/testFixtures/java/org/springframework/context/testfixture/cache/beans/CacheableService.java,spring-context/src/testFixtures/java/org/springframework/context/test/fixtures/cache/beans/CacheableService.java
spring-context/src/testFixtures/java/org/springframework/context/testfixture/cache/beans/DefaultCacheableService.java,spring-context/src/testFixtures/java/org/springframework/context/test/fixtures/cache/beans/DefaultCacheableService.java
spring-context/src/testFixtures/java/org/springframework/context/testfixture/cache/beans/TestEntity.java,spring-context/src/testFixtures/java/org/springframework/context/test/fixtures/cache/beans/TestEntity.java
spring-context/src/testFixtures/java/org/springframework/context/testfixture/index/CandidateComponentsTestClassLoader.java,spring-context/src/testFixtures/java/org/springframework/context/test/fixtures/index/CandidateComponentsTestClassLoader.java
spring-context/src/testFixtures/java/org/springframework/context/testfixture/jndi/ExpectedLookupTemplate.java,spring-context/src/testFixtures/java/org/springframework/context/test/fixtures/jndi/ExpectedLookupTemplate.java
spring-context/src/testFixtures/java/org/springframework/context/testfixture/jndi/SimpleNamingContext.java,spring-context/src/testFixtures/java/org/springframework/context/test/fixtures/jndi/SimpleNamingContext.java
spring-context/src/testFixtures/java/org/springframework/context/testfixture/jndi/SimpleNamingContextBuilder.java,spring-context/src/testFixtures/java/org/springframework/context/test/fixtures/jndi/SimpleNamingContextBuilder.java
spring-core/kotlin-coroutines/kotlin-coroutines.gradle,spring-core-coroutines/spring-core-coroutines.gradle
spring-core/kotlin-coroutines/src/main/kotlin/org/springframework/core/CoroutinesUtils.kt,spring-core-coroutines/src/main/kotlin/org/springframework/core/CoroutinesUtils.kt
spring-core/src/test/java/example/type/AnnotationTypeFilterTestsTypes.java,spring-core/src/test/java/org/springframework/core/type/AnnotationTypeFilterTestsTypes.java
spring-core/src/test/java/example/type/AspectJTypeFilterTestsTypes.java,spring-core/src/test/java/org/springframework/core/type/AspectJTypeFilterTestsTypes.java
spring-core/src/test/java/example/type/AssignableTypeFilterTestsTypes.java,spring-core/src/test/java/org/springframework/core/type/AssignableTypeFilterTestsTypes.java
spring-core/src/test/java/org/springframework/core/env/SimpleCommandLineArgsParserTests.java,spring-core/src/test/java/org/springframework/core/env/SimpleCommandLineParserTests.java
spring-core/src/test/java/org/springframework/core/style/DefaultValueStylerTests.java,spring-core/src/test/java/org/springframework/core/style/DefaultValueStylerTest.java
spring-core/src/test/java/org/springframework/core/testfixture/TestGroupParsingTests.java,spring-core/src/test/java/org/springframework/core/test/fixtures/TestGroupParsingTests.java
spring-core/src/test/java/org/springframework/core/testfixture/TestGroupTests.java,spring-core/src/test/java/org/springframework/core/test/fixtures/TestGroupTests.java
spring-core/src/test/java/org/springframework/util/xml/AbstractStaxHandlerTests.java,spring-core/src/test/java/org/springframework/util/xml/AbstractStaxHandlerTestCase.java
spring-core/src/test/java/org/springframework/util/xml/AbstractStaxXMLReaderTests.java,spring-core/src/test/java/org/springframework/util/xml/AbstractStaxXMLReaderTestCase.java
spring-core/src/test/kotlin/org/springframework/core/env/KotlinPropertyResolverExtensionsTests.kt,spring-core/src/test/kotlin/org/springframework/core/env/PropertyResolverExtensionsTests.kt
spring-core/src/testFixtures/java/org/springframework/core/testfixture/Assume.java,spring-core/src/testFixtures/java/org/springframework/core/test/fixtures/Assume.java
spring-core/src/testFixtures/java/org/springframework/core/testfixture/EnabledForTestGroups.java,spring-core/src/testFixtures/java/org/springframework/core/test/fixtures/EnabledForTestGroups.java
spring-core/src/testFixtures/java/org/springframework/core/testfixture/JavaUtilLoggingConfigurer.java,spring-webflux/src/test/java/org/springframework/web/reactive/fixtures/JavaUtilLoggingConfigurer.java,spring-webflux/src/test/java/org/springframework/test_fixtures/logging/JavaUtilLoggingConfigurer.java
spring-core/src/testFixtures/java/org/springframework/core/testfixture/TestGroup.java,spring-core/src/testFixtures/java/org/springframework/core/test/fixtures/TestGroup.java
spring-core/src/testFixtures/java/org/springframework/core/testfixture/TestGroupsCondition.java,spring-core/src/testFixtures/java/org/springframework/core/test/fixtures/TestGroupsCondition.java
spring-core/src/testFixtures/java/org/springframework/core/testfixture/TimeStamped.java,spring-core/src/testFixtures/java/org/springframework/core/test/fixtures/TimeStamped.java
spring-core/src/testFixtures/java/org/springframework/core/testfixture/codec/AbstractDecoderTests.java,spring-core/src/testFixtures/java/org/springframework/core/test/fixtures/codec/AbstractDecoderTests.java
spring-core/src/testFixtures/java/org/springframework/core/testfixture/codec/AbstractEncoderTests.java,spring-core/src/testFixtures/java/org/springframework/core/test/fixtures/codec/AbstractEncoderTests.java
spring-core/src/testFixtures/java/org/springframework/core/testfixture/env/EnvironmentTestUtils.java,spring-core/src/testFixtures/java/org/springframework/core/test/fixtures/env/EnvironmentTestUtils.java
spring-core/src/testFixtures/java/org/springframework/core/testfixture/env/MockPropertySource.java,spring-core/src/testFixtures/java/org/springframework/core/test/fixtures/env/MockPropertySource.java
spring-core/src/testFixtures/java/org/springframework/core/testfixture/io/ResourceTestUtils.java,spring-core/src/testFixtures/java/org/springframework/core/test/fixtures/io/ResourceTestUtils.java
spring-core/src/testFixtures/java/org/springframework/core/testfixture/io/SerializationTestUtils.java,spring-core/src/testFixtures/java/org/springframework/core/test/fixtures/io/SerializationTestUtils.java
spring-core/src/testFixtures/java/org/springframework/core/testfixture/io/buffer/AbstractDataBufferAllocatingTests.java,spring-core/src/testFixtures/java/org/springframework/core/test/fixtures/io/buffer/AbstractDataBufferAllocatingTests.java
spring-core/src/testFixtures/java/org/springframework/core/testfixture/io/buffer/AbstractLeakCheckingTests.java,spring-core/src/testFixtures/java/org/springframework/core/test/fixtures/io/buffer/AbstractLeakCheckingTests.java
spring-core/src/testFixtures/java/org/springframework/core/testfixture/io/buffer/DataBufferTestUtils.java,spring-core/src/testFixtures/java/org/springframework/core/test/fixtures/io/buffer/DataBufferTestUtils.java
spring-core/src/testFixtures/java/org/springframework/core/testfixture/io/buffer/LeakAwareDataBuffer.java,spring-core/src/testFixtures/java/org/springframework/core/test/fixtures/io/buffer/LeakAwareDataBuffer.java
spring-core/src/testFixtures/java/org/springframework/core/testfixture/io/buffer/LeakAwareDataBufferFactory.java,spring-core/src/testFixtures/java/org/springframework/core/test/fixtures/io/buffer/LeakAwareDataBufferFactory.java
spring-core/src/testFixtures/java/org/springframework/core/testfixture/security/TestPrincipal.java,spring-messaging/src/test/java/org/springframework/messaging/simp/TestPrincipal.java
spring-core/src/testFixtures/java/org/springframework/core/testfixture/stereotype/Component.java,spring-core/src/testFixtures/java/org/springframework/core/test/fixtures/stereotype/Component.java
spring-core/src/testFixtures/java/org/springframework/core/testfixture/stereotype/Indexed.java,spring-core/src/testFixtures/java/org/springframework/core/test/fixtures/stereotype/Indexed.java
spring-core/src/testFixtures/java/org/springframework/core/testfixture/xml/XmlContent.java,spring-core/src/testFixtures/java/org/springframework/core/test/fixtures/xml/XmlContent.java
spring-core/src/testFixtures/java/org/springframework/core/testfixture/xml/XmlContentAssert.java,spring-core/src/testFixtures/java/org/springframework/core/test/fixtures/xml/XmlContentAssert.java
spring-expression/src/test/java/org/springframework/expression/spel/ScenariosForSpringSecurityExpressionTests.java,spring-expression/src/test/java/org/springframework/expression/spel/ScenariosForSpringSecurity.java
spring-messaging/src/main/java/org/springframework/messaging/rsocket/DefaultMetadataExtractor.java,spring-messaging/src/main/java/org/springframework/messaging/rsocket/annotation/support/DefaultMetadataExtractor.java
spring-messaging/src/main/java/org/springframework/messaging/rsocket/MetadataExtractor.java,spring-messaging/src/main/java/org/springframework/messaging/rsocket/annotation/support/MetadataExtractor.java
spring-messaging/src/main/java/org/springframework/messaging/rsocket/annotation/support/MessagingRSocket.java,spring-messaging/src/main/java/org/springframework/messaging/rsocket/MessagingRSocket.java
spring-messaging/src/main/java/org/springframework/messaging/rsocket/annotation/support/RSocketMessageHandler.java,spring-messaging/src/main/java/org/springframework/messaging/rsocket/RSocketMessageHandler.java
spring-messaging/src/main/java/org/springframework/messaging/rsocket/annotation/support/RSocketPayloadReturnValueHandler.java,spring-messaging/src/main/java/org/springframework/messaging/rsocket/RSocketPayloadReturnValueHandler.java
spring-messaging/src/main/java/org/springframework/messaging/rsocket/annotation/support/RSocketRequesterMethodArgumentResolver.java,spring-messaging/src/main/java/org/springframework/messaging/rsocket/RSocketRequesterMethodArgumentResolver.java
spring-messaging/src/test/java/org/springframework/messaging/converter/ProtobufMessageConverterTests.java,spring-messaging/src/test/java/org/springframework/messaging/converter/ProtobufMessageConverterTest.java
spring-messaging/src/test/java/org/springframework/messaging/rsocket/DefaultMetadataExtractorTests.java,spring-messaging/src/test/java/org/springframework/messaging/rsocket/annotation/support/DefaultMetadataExtractorTests.java
spring-test/src/test/java/org/springframework/mock/jndi/SimpleNamingContextTests.java,spring-context/src/test/java/org/springframework/jndi/SimpleNamingContextTests.java
spring-test/src/test/java/org/springframework/test/context/cache/SpringExtensionContextCacheTests.java,spring-test/src/test/java/org/springframework/test/context/cache/SpringRunnerContextCacheTests.java
spring-test/src/test/java/org/springframework/test/context/env/ApplicationPropertyOverridesPropertiesFileTestPropertySourceTests.java,spring-test/src/test/java/org/springframework/test/context/env/ApplicationPropertyOverridePropertiesFileTestPropertySourceTests.java
spring-test/src/test/java/org/springframework/test/context/env/repeatable/AbstractClassWithTestProperty.java,spring-test/src/test/java/org/springframework/test/context/env/repeatable/ParentClassWithTestProperties.java
spring-test/src/test/java/org/springframework/test/context/env/repeatable/AbstractRepeatableTestPropertySourceTests.java,spring-test/src/test/java/org/springframework/test/context/env/repeatable/TestPropertySourceOverridesInheritedPropertyTests.java
spring-test/src/test/java/org/springframework/test/context/env/repeatable/LocalInlinedPropertyAndInheritedInlinedPropertyTests.java,spring-test/src/test/java/org/springframework/test/context/env/repeatable/AnnotationWithTestProperty.java
spring-test/src/test/java/org/springframework/test/context/env/repeatable/LocalInlinedPropertyAndMetaInlinedPropertyTests.java,spring-test/src/test/java/org/springframework/test/context/env/repeatable/FooTestPropertyDeclaration.java
spring-test/src/test/java/org/springframework/test/context/env/repeatable/LocalInlinedPropertyOverridesMetaInlinedPropertyTests.java,spring-test/src/test/java/org/springframework/test/context/env/repeatable/FooTestProperty.java
spring-test/src/test/java/org/springframework/test/context/env/repeatable/MetaInlinedTestProperty.java,spring-test/src/test/java/org/springframework/test/context/env/repeatable/AnnotationWithTestPropertyInPropertiesFile.java
spring-test/src/test/java/org/springframework/test/context/jdbc/merging/AbstractSqlMergeModeTests.java,spring-test/src/test/java/org/springframework/test/context/jdbc/SqlMethodMergeTests.java
spring-test/src/test/java/org/springframework/test/context/junit4/spr3896/Spr3896TestSuite.java,spring-test/src/test/java/org/springframework/test/context/junit4/spr3896/Spr3896SuiteTests.java
spring-test/src/test/java/org/springframework/test/context/transaction/manager/LookUpTxMgrByTypeAndQualifierAtClassLevelTests.java,spring-test/src/test/java/org/springframework/test/context/junit4/spr9645/LookUpTxMgrByTypeAndQualifierAtClassLevelTests.java
spring-test/src/test/java/org/springframework/test/context/transaction/manager/LookUpTxMgrByTypeAndQualifierAtMethodLevelTests.java,spring-test/src/test/java/org/springframework/test/context/junit4/spr9645/LookUpTxMgrByTypeAndQualifierAtMethodLevelTests.java
spring-test/src/test/java/org/springframework/test/context/transaction/manager/LookUpTxMgrByTypeTests.java,spring-test/src/test/java/org/springframework/test/context/junit4/spr9645/LookUpTxMgrByTypeTests.java
spring-test/src/test/java/org/springframework/test/context/transaction/manager/LookUpTxMgrNonTransactionalTests.java,spring-test/src/test/java/org/springframework/test/context/junit4/spr9645/LookUpNonexistentTxMgrTests.java
spring-test/src/test/java/org/springframework/test/context/transaction/manager/LookUpTxMgrViaTransactionManagementConfigurerTests.java,spring-test/src/test/java/org/springframework/test/context/junit4/spr9604/LookUpTxMgrViaTransactionManagementConfigurerTests.java
spring-test/src/test/java/org/springframework/test/context/transaction/manager/PrimaryTransactionManagerTests.java,spring-test/src/test/java/org/springframework/test/context/transaction/PrimaryTransactionManagerTests.java
spring-test/src/test/resources/org/springframework/test/context/support/GenericXmlContextLoaderResourceLocationsTests$ClasspathExistentDefaultLocationsTestCase-context.xml,spring-test/src/test/resources/org/springframework/test/context/support/GenericXmlContextLoaderResourceLocationsTests$1ClasspathExistentDefaultLocationsTestCase-context.xml
spring-tx/src/test/java/org/springframework/transaction/MockJtaTransaction.java,spring-tx/src/test/java/org/springframework/tests/transaction/MockJtaTransaction.java
spring-tx/src/testFixtures/java/org/springframework/transaction/testfixture/CallCountingTransactionManager.java,spring-tx/src/test/java/org/springframework/tests/transaction/CallCountingTransactionManager.java
spring-web/src/test/java/org/springframework/http/client/AbstractAsyncHttpRequestFactoryTests.java,spring-web/src/test/java/org/springframework/http/client/AbstractAsyncHttpRequestFactoryTestCase.java
spring-web/src/test/java/org/springframework/http/client/AbstractHttpRequestFactoryTests.java,spring-web/src/test/java/org/springframework/http/client/AbstractHttpRequestFactoryTestCase.java
spring-web/src/test/java/org/springframework/http/client/AbstractMockWebServerTests.java,spring-web/src/test/java/org/springframework/http/client/AbstractMockWebServerTestCase.java
spring-web/src/test/java/org/springframework/web/client/AbstractMockWebServerTests.java,spring-web/src/test/java/org/springframework/web/client/AbstractMockWebServerTestCase.java
spring-web/src/test/java/org/springframework/web/util/pattern/PathPatternRouteMatcherTests.java,spring-web/src/test/java/org/springframework/web/util/pattern/PathPatternRouteMatcherTest.java
spring-web/src/test/resources/org/springframework/web/spring.png,spring-web/src/test/resources/org/springframework/http/server/reactive/spring.png
spring-web/src/testFixtures/java/org/springframework/web/testfixture/http/client/reactive/MockClientHttpRequest.java,spring-web/src/test/java/org/springframework/mock/http/client/reactive/test/MockClientHttpRequest.java
spring-web/src/testFixtures/java/org/springframework/web/testfixture/http/client/reactive/MockClientHttpResponse.java,spring-web/src/test/java/org/springframework/mock/http/client/reactive/test/MockClientHttpResponse.java
spring-web/src/testFixtures/java/org/springframework/web/testfixture/http/server/reactive/MockServerHttpRequest.java,spring-web/src/test/java/org/springframework/mock/http/server/reactive/test/MockServerHttpRequest.java
spring-web/src/testFixtures/java/org/springframework/web/testfixture/http/server/reactive/MockServerHttpResponse.java,spring-web/src/test/java/org/springframework/mock/http/server/reactive/test/MockServerHttpResponse.java
spring-web/src/testFixtures/java/org/springframework/web/testfixture/http/server/reactive/bootstrap/AbstractHttpHandlerIntegrationTests.java,spring-web/src/test/java/org/springframework/http/server/reactive/AbstractHttpHandlerIntegrationTests.java
spring-web/src/testFixtures/java/org/springframework/web/testfixture/http/server/reactive/bootstrap/AbstractHttpServer.java,spring-web/src/test/java/org/springframework/http/server/reactive/bootstrap/AbstractHttpServer.java
spring-web/src/testFixtures/java/org/springframework/web/testfixture/http/server/reactive/bootstrap/HttpServer.java,spring-web/src/test/java/org/springframework/http/server/reactive/bootstrap/HttpServer.java
spring-web/src/testFixtures/java/org/springframework/web/testfixture/http/server/reactive/bootstrap/JettyHttpServer.java,spring-web/src/test/java/org/springframework/http/server/reactive/bootstrap/JettyHttpServer.java
spring-web/src/testFixtures/java/org/springframework/web/testfixture/http/server/reactive/bootstrap/ReactorHttpServer.java,spring-web/src/test/java/org/springframework/http/server/reactive/bootstrap/ReactorHttpServer.java
spring-web/src/testFixtures/java/org/springframework/web/testfixture/http/server/reactive/bootstrap/ReactorHttpsServer.java,spring-web/src/test/java/org/springframework/http/server/reactive/bootstrap/ReactorHttpsServer.java
spring-web/src/testFixtures/java/org/springframework/web/testfixture/http/server/reactive/bootstrap/TomcatHttpServer.java,spring-web/src/test/java/org/springframework/http/server/reactive/bootstrap/TomcatHttpServer.java
spring-web/src/testFixtures/java/org/springframework/web/testfixture/http/server/reactive/bootstrap/UndertowHttpServer.java,spring-web/src/test/java/org/springframework/http/server/reactive/bootstrap/UndertowHttpServer.java
spring-web/src/testFixtures/java/org/springframework/web/testfixture/http/server/reactive/package-info.java,spring-web/src/test/java/org/springframework/mock/http/server/reactive/test/package-info.java
spring-web/src/testFixtures/java/org/springframework/web/testfixture/method/MvcAnnotationPredicates.java,spring-web/src/test/java/org/springframework/web/method/MvcAnnotationPredicates.java
spring-web/src/testFixtures/java/org/springframework/web/testfixture/method/ResolvableMethod.java,spring-web/src/test/java/org/springframework/web/method/ResolvableMethod.java
spring-web/src/testFixtures/java/org/springframework/web/testfixture/server/MockServerWebExchange.java,spring-web/src/test/java/org/springframework/mock/web/test/server/MockServerWebExchange.java
spring-web/src/testFixtures/java/org/springframework/web/testfixture/server/MockWebSession.java,spring-web/src/test/java/org/springframework/mock/web/test/server/MockWebSession.java
spring-web/src/testFixtures/java/org/springframework/web/testfixture/server/package-info.java,spring-web/src/test/java/org/springframework/mock/web/test/server/package-info.java
spring-web/src/testFixtures/java/org/springframework/web/testfixture/servlet/DelegatingServletInputStream.java,spring-web/src/test/java/org/springframework/mock/web/test/DelegatingServletInputStream.java
spring-web/src/testFixtures/java/org/springframework/web/testfixture/servlet/DelegatingServletOutputStream.java,spring-web/src/test/java/org/springframework/mock/web/test/DelegatingServletOutputStream.java
spring-web/src/testFixtures/java/org/springframework/web/testfixture/servlet/HeaderValueHolder.java,spring-web/src/test/java/org/springframework/mock/web/test/HeaderValueHolder.java
spring-web/src/testFixtures/java/org/springframework/web/testfixture/servlet/MockAsyncContext.java,spring-web/src/test/java/org/springframework/mock/web/test/MockAsyncContext.java
spring-web/src/testFixtures/java/org/springframework/web/testfixture/servlet/MockBodyContent.java,spring-web/src/test/java/org/springframework/mock/web/test/MockBodyContent.java
spring-web/src/testFixtures/java/org/springframework/web/testfixture/servlet/MockCookie.java,spring-web/src/test/java/org/springframework/mock/web/test/MockCookie.java
spring-web/src/testFixtures/java/org/springframework/web/testfixture/servlet/MockExpressionEvaluator.java,spring-web/src/test/java/org/springframework/mock/web/test/MockExpressionEvaluator.java
spring-web/src/testFixtures/java/org/springframework/web/testfixture/servlet/MockFilterChain.java,spring-web/src/test/java/org/springframework/mock/web/test/MockFilterChain.java
spring-web/src/testFixtures/java/org/springframework/web/testfixture/servlet/MockFilterConfig.java,spring-web/src/test/java/org/springframework/mock/web/test/MockFilterConfig.java
spring-web/src/testFixtures/java/org/springframework/web/testfixture/servlet/MockHttpServletRequest.java,spring-web/src/test/java/org/springframework/mock/web/test/MockHttpServletRequest.java
spring-web/src/testFixtures/java/org/springframework/web/testfixture/servlet/MockHttpServletResponse.java,spring-web/src/test/java/org/springframework/mock/web/test/MockHttpServletResponse.java
spring-web/src/testFixtures/java/org/springframework/web/testfixture/servlet/MockHttpSession.java,spring-web/src/test/java/org/springframework/mock/web/test/MockHttpSession.java
spring-web/src/testFixtures/java/org/springframework/web/testfixture/servlet/MockJspWriter.java,spring-web/src/test/java/org/springframework/mock/web/test/MockJspWriter.java
spring-web/src/testFixtures/java/org/springframework/web/testfixture/servlet/MockMultipartFile.java,spring-web/src/test/java/org/springframework/mock/web/test/MockMultipartFile.java
spring-web/src/testFixtures/java/org/springframework/web/testfixture/servlet/MockMultipartHttpServletRequest.java,spring-web/src/test/java/org/springframework/mock/web/test/MockMultipartHttpServletRequest.java
spring-web/src/testFixtures/java/org/springframework/web/testfixture/servlet/MockPageContext.java,spring-web/src/test/java/org/springframework/mock/web/test/MockPageContext.java
spring-web/src/testFixtures/java/org/springframework/web/testfixture/servlet/MockPart.java,spring-web/src/test/java/org/springframework/mock/web/test/MockPart.java
spring-web/src/testFixtures/java/org/springframework/web/testfixture/servlet/MockRequestDispatcher.java,spring-web/src/test/java/org/springframework/mock/web/test/MockRequestDispatcher.java
spring-web/src/testFixtures/java/org/springframework/web/testfixture/servlet/MockServletConfig.java,spring-web/src/test/java/org/springframework/mock/web/test/MockServletConfig.java
spring-web/src/testFixtures/java/org/springframework/web/testfixture/servlet/MockServletContext.java,spring-web/src/test/java/org/springframework/mock/web/test/MockServletContext.java
spring-web/src/testFixtures/java/org/springframework/web/testfixture/servlet/MockSessionCookieConfig.java,spring-web/src/test/java/org/springframework/mock/web/test/MockSessionCookieConfig.java
spring-web/src/testFixtures/java/org/springframework/web/testfixture/servlet/PassThroughFilterChain.java,spring-web/src/test/java/org/springframework/mock/web/test/PassThroughFilterChain.java
spring-web/src/testFixtures/java/org/springframework/web/testfixture/xml/Pojo.java,spring-web/src/test/java/org/springframework/http/codec/Pojo.java
spring-web/src/testFixtures/resources/org/springframework/http/codec/multipart/foo.txt,spring-web/src/test/resources/org/springframework/http/codec/multipart/foo.txt
spring-webmvc/src/test/java/org/springframework/web/servlet/DummyEnvironment.java,spring-core/src/test/java/org/springframework/core/env/DummyEnvironment.java
