bin/toa-test.sh,bin/groupmulticast.sh
lib/testng-6.8.jar,lib/testng.jar
src/org/jgroups/AnycastAddress.java,src/org/jgroups/protocols/tom/AnycastAddress.java,src/org/jgroups/protocols/pmcast/GroupAddress.java
src/org/jgroups/protocols/relay/RELAY2.java,src/org/jgroups/protocols/RELAY2.java
src/org/jgroups/protocols/tom/DeliveryManager.java,src/org/jgroups/protocols/pmcast/manager/DeliverManager.java
src/org/jgroups/protocols/tom/DeliveryManagerImpl.java,src/org/jgroups/protocols/pmcast/manager/DeliverManagerImpl.java
src/org/jgroups/protocols/tom/DeliveryProtocol.java,src/org/jgroups/protocols/pmcast/DeliverProtocol.java
src/org/jgroups/protocols/tom/MessageID.java,src/org/jgroups/protocols/pmcast/MessageID.java
src/org/jgroups/protocols/tom/SenderManager.java,src/org/jgroups/protocols/pmcast/manager/SenderManager.java
src/org/jgroups/protocols/tom/SenderThread.java,src/org/jgroups/protocols/pmcast/threading/SenderThread.java
src/org/jgroups/protocols/tom/SequenceNumberManager.java,src/org/jgroups/protocols/pmcast/manager/SequenceNumberManager.java
src/org/jgroups/protocols/tom/StatsCollector.java,src/org/jgroups/protocols/pmcast/stats/StatsCollector.java
src/org/jgroups/protocols/tom/TOA.java,src/org/jgroups/protocols/pmcast/GROUP_MULTICAST.java
src/org/jgroups/protocols/tom/ToaHeader.java,src/org/jgroups/protocols/pmcast/header/GroupMulticastHeader.java
tests/byteman/org/jgroups/tests/byteman/SequencerFailoverTest.java,tests/junit/org/jgroups/tests/SequencerFailoverTest.java
tests/byteman/org/jgroups/tests/helpers/SequencerFailoverTestHelper.java,tests/byteman/org/jgroups/tests/byteman/SequencerFailoverTestHelper.java
tests/junit/org/jgroups/blocks/executor/ExecutingServiceTest.java,tests/junit/org/jgroups/blocks/ExecutingServiceTest.java
tests/junit/org/jgroups/tests/SequencerMergeTest.java,tests/byteman/org/jgroups/tests/byteman/SequencerMergeTest.java
tests/other/org/jgroups/tests/CheckToaOrder.java,tests/other/org/jgroups/tests/CheckGroupMulticastOrder.java
tests/other/org/jgroups/tests/TestToaOrder.java,tests/other/org/jgroups/tests/TestGroupMulticastOrder.java
tests/util/org/jgroups/util/CountTests.java,src/org/jgroups/util/CountTests.java
tests/util/org/jgroups/util/DumpData.java,src/org/jgroups/util/DumpData.java
tests/util/org/jgroups/util/JUnitXMLReporter.java,src/org/jgroups/util/JUnitXMLReporter.java
