"FileName","ChangeChurn"
"core.src.test.resources.org.apache.calcite.test.RelOptRulesTest_xml","4234"
"core.src.test.java.org.apache.calcite.test.RelOptRulesTest_java","2713"
"core.src.main.codegen.templates.Parser_jj","2693"
"core.src.test.java.org.apache.calcite.sql.test.SqlOperatorBaseTest_java","2262"
"core.src.test.resources.org.apache.calcite.test.SqlToRelConverterTest_xml","2197"
"core.src.main.java.org.apache.calcite.runtime.SqlFunctions_java","1963"
"core.src.test.java.org.apache.calcite.test.SqlJsonFunctionsTest_java","1816"
"site._docs.history_md","1657"
"piglet.src.test.java.org.apache.calcite.test.PigRelOpTest_java","1654"
"core.src.main.java.org.apache.calcite.rex.RexSimplify_java","1605"
"core.src.test.java.org.apache.calcite.test.RexProgramTest_java","1592"
"core.src.main.java.org.apache.calcite.tools.RelBuilder_java","1590"
"core.src.test.java.org.apache.calcite.rel.rel2sql.RelToSqlConverterTest_java","1585"
"core.src.test.java.org.apache.calcite.sql.parser.SqlParserTest_java","1560"
"core.src.main.java.org.apache.calcite.avatica.proto.Requests_java","1419"
"core.src.test.java.org.apache.calcite.test.SqlValidatorTest_java","1161"
"core.src.test.java.org.apache.calcite.test.RelBuilderTest_java","1086"
"core.src.main.java.org.apache.calcite.avatica.proto.Responses_java","1078"
"core.src.test.java.org.apache.calcite.test.JdbcTest_java","1066"
"site._docs.reference_md","1062"
"core.src.main.java.org.apache.calcite.avatica.proto.Common_java","994"
"core.src.main.java.org.apache.calcite.rel.rules.AbstractMaterializedViewRule_java","968"
"babel.src.main.codegen.config_fmpp","948"
"core.src.test.java.org.apache.calcite.test.catalog.MockCatalogReader_java","930"
"elasticsearch.src.main.java.org.apache.calcite.adapter.elasticsearch.ElasticsearchJson_java","841"
"druid.src.test.java.org.apache.calcite.test.DruidAdapterIT_java","834"
"core.src.test.java.org.apache.calcite.test.TypeCoercionTest_java","825"
"core.src.main.java.org.apache.calcite.materialize.LatticeSuggester_java","808"
"core.src.main.java.org.apache.calcite.runtime.JsonFunctions_java","796"
"core.src.test.resources.sql.sub-query_iq","786"
"core.src.test.java.org.apache.calcite.materialize.LatticeSuggesterTest_java","766"
"core.src.test.java.org.apache.calcite.test.SqlToRelConverterTest_java","765"
"core.src.test.java.org.apache.calcite.test.MockCatalogReader_java","765"
"linq4j.src.main.java.org.apache.calcite.linq4j.EnumerableDefaults_java","733"
"piglet.src.main.java.org.apache.calcite.piglet.PigRelOpVisitor_java","722"
"pom_xml","710"
"elasticsearch.src.test.java.org.apache.calcite.adapter.elasticsearch.ElasticSearchAdapterTest_java","675"
"core.src.main.java.org.apache.calcite.sql.validate.implicit.AbstractTypeCoercion_java","671"
"core.src.test.resources.sql.agg_iq","668"
"cassandra.src.test.resources.twissandra_cql","665"
"piglet.src.main.java.org.apache.calcite.piglet.PigRelBuilder_java","658"
"core.src.main.java.org.apache.calcite.materialize.Lattice_java","648"
"core.src.main.java.org.apache.calcite.adapter.enumerable.RexImpTable_java","642"
"core.src.test.java.org.apache.calcite.test.SqlFunctionsTest_java","641"
"core.src.main.java.org.apache.calcite.sql.SqlDialect_java","624"
"core.src.test.java.org.apache.calcite.test.RexProgramBuilderBase_java","614"
"core.src.main.java.org.apache.calcite.plan.RelOptUtil_java","607"
"cassandra.src.test.resources.cassandra_yaml","604"
"core.src.main.java.org.apache.calcite.sql2rel.RelStructuredTypeFlattener_java","590"
"mvnw","572"
"core.src.main.java.org.apache.calcite.runtime.Matcher_java","561"
"core.src.test.java.org.apache.calcite.plan.RelWriterTest_java","560"
"core.src.main.java.org.apache.calcite.sql.validate.implicit.TypeCoercionImpl_java","556"
"linq4j.src.test.java.org.apache.calcite.linq4j.test.JoinPreserveOrderTest_java","550"
"core.src.main.java.org.apache.calcite.sql.SqlDataTypeSpec_java","548"
"core.src.test.java.org.apache.calcite.plan.RelOptUtilTest_java","536"
"core.src.main.java.org.apache.calcite.sql2rel.StandardConvertletTable_java","526"
"core.src.test.java.org.apache.calcite.test.CalciteAssert_java","523"
"core.src.test.java.org.apache.calcite.test.fuzzer.RexProgramFuzzyTest_java","520"
"elasticsearch.src.main.java.org.apache.calcite.adapter.elasticsearch.ElasticsearchTable_java","517"
"core.src.test.java.org.apache.calcite.sql.test.SqlAdvisorTest_java","516"
"core.src.main.java.org.apache.calcite.config.CalciteSystemProperty_java","502"
"core.src.main.java.org.apache.calcite.adapter.enumerable.EnumerableMatch_java","502"
"core.src.main.java.org.apache.calcite.util.CompatibleGuava11_java","499"
"core.src.main.java.org.apache.calcite.sql2rel.SqlToRelConverter_java","484"
"core.src.test.java.org.apache.calcite.tools.PlannerTest_java","474"
"geode.src.test.java.org.apache.calcite.adapter.geode.rel.GeodeBookstoreTest_java","473"
"core.src.main.java.org.apache.calcite.sql2rel.RelDecorrelator_java","464"
"core.src.main.java.org.apache.calcite.sql.validate.SqlValidatorImpl_java","457"
"core.src.test.java.org.apache.calcite.test.catalog.MockCatalogReaderSimple_java","455"
"piglet.src.main.java.org.apache.calcite.piglet.PigRelExVisitor_java","452"
"core.src.main.java.org.apache.calcite.rel.rel2sql.RelToSqlConverter_java","445"
"core.src.main.java.org.apache.calcite.plan.volcano.VolcanoPlanner_java","443"
"druid.src.test.java.org.apache.calcite.test.DruidAdapter2IT_java","427"
"core.src.main.java.org.apache.calcite.rel.rules.AggregateReduceFunctionsRule_java","425"
"elasticsearch.src.test.java.org.apache.calcite.adapter.elasticsearch.AggregationTest_java","421"
"geode.src.test.java.org.apache.calcite.adapter.geode.rel.GeodeAllDataTypesTest_java","412"
"core.src.main.java.org.apache.calcite.rex.RexLiteral_java","411"
"core.src.test.java.org.apache.calcite.rel.logical.ToLogicalConverterTest_java","411"
"piglet.src.main.java.org.apache.calcite.piglet.PigToSqlAggregateRule_java","408"
"core.src.main.java.org.apache.calcite.sql.fun.SqlLibraryOperators_java","405"
"core.src.main.java.org.apache.calcite.rel.rel2sql.SqlImplementor_java","396"
"core.src.main.java.org.apache.calcite.util.NameHelper_java","394"
"geode.src.test.java.org.apache.calcite.adapter.geode.rel.GeodeAdapterBookshopIT_java","381"
"core.src.main.java.org.apache.calcite.rel.rules.SubQueryRemoveRule_java","372"
"piglet.src.main.java.org.apache.calcite.piglet.PigRelSqlUdfs_java","367"
"core.src.main.java.org.apache.calcite.sql.fun.SqlJsonValueFunction_java","366"
"core.src.main.java.org.apache.calcite.sql.fun.SqlStdOperatorTable_java","365"
"core.src.main.java.org.apache.calcite.adapter.enumerable.EnumerableSemiJoin_java","357"
"site.img.logo_svg","346"
"core.src.main.java.org.apache.calcite.rel.core.RelFactories_java","345"
"server.src.main.codegen.config_fmpp","342"
"core.src.test.java.org.apache.calcite.profile.ProfilerTest_java","342"
"core.src.main.java.org.apache.calcite.rel.externalize.RelJson_java","339"
"core.src.main.codegen.config_fmpp","336"
"core.src.test.java.org.apache.calcite.util.UtilTest_java","334"
"core.src.test.codegen.config_fmpp","330"
"site._docs.howto_md","324"
"elasticsearch.src.main.java.org.apache.calcite.adapter.elasticsearch.ElasticsearchTransport_java","322"
"mvnw_cmd","322"
"core.src.main.java.org.apache.calcite.adapter.enumerable.EnumerableHashJoin_java","319"
"core.src.test.java.org.apache.calcite.test.SqlValidatorTestCase_java","312"
"core.src.test.java.org.apache.calcite.test.MaterializationTest_java","310"
"release_sh","306"
"geode.src.test.java.org.apache.calcite.adapter.geode.rel.GeodeZipsTest_java","306"
"elasticsearch.src.test.java.org.apache.calcite.adapter.elasticsearch.Projection2Test_java","305"
"core.src.main.java.org.apache.calcite.sql.type.SqlTypeUtil_java","305"
"ubenchmark.src.main.java.org.apache.calcite.adapter.enumerable.CodeGenerationBenchmark_java","300"
"core.src.main.java.org.apache.calcite.util.BuiltInMethod_java","293"
"core.src.main.java.org.apache.calcite.adapter.enumerable.EnumerableBatchNestedLoopJoin_java","292"
"core.src.main.java.org.apache.calcite.rel.type.RelDataTypeSystem_java","291"
"piglet.src.main.java.org.apache.calcite.piglet.PigConverter_java","288"
"core.src.main.java.org.apache.calcite.sql.SqlBasicTypeNameSpec_java","277"
"core.src.test.java.org.apache.calcite.sql.test.SqlTests_java","275"
"ubenchmark.src.main.java.org.apache.calcite.benchmarks.AbstractRelNodeGetRelTypeNameBenchmark_java","274"
"core.src.test.java.org.apache.calcite.test.enumerable.EnumerableCorrelateTest_java","269"
"core.src.main.java.org.apache.calcite.rel.rules.AggregateCaseToFilterRule_java","268"
"core.src.test.java.org.apache.calcite.test.fuzzer.RexFuzzer_java","265"
"core.src.test.java.org.apache.calcite.runtime.AutomatonTest_java","265"
"core.src.test.java.org.apache.calcite.rel.rel2sql.RelToSqlConverterStructsTest_java","264"
"core.src.test.resources.org.apache.calcite.test.TypeCoercionConverterTest_xml","264"
"core.src.main.java.org.apache.calcite.rel.type.RelDataTypeFactoryImpl_java","263"
"core.src.test.java.org.apache.calcite.rel.rules.SortRemoveRuleTest_java","258"
"core.src.test.resources.sql.match_iq","255"
"elasticsearch.src.main.java.org.apache.calcite.adapter.elasticsearch.ElasticsearchFilter_java","253"
"linq4j.src.test.java.org.apache.calcite.linq4j.test.ExpressionTest_java","252"
"core.src.test.java.org.apache.calcite.sql.test.DocumentationTest_java","251"
"piglet.src.main.java.org.apache.calcite.piglet.PigRelOpInnerVisitor_java","251"
"core.src.main.java.org.apache.calcite.sql.SqlUtil_java","250"
"piglet.src.test.java.org.apache.calcite.test.PigRelExTest_java","250"
"core.src.main.java.org.apache.calcite.runtime.ResultSetEnumerable_java","249"
"elasticsearch.src.main.java.org.apache.calcite.adapter.elasticsearch.ElasticsearchAggregate_java","246"
"core.src.main.java.org.apache.calcite.adapter.enumerable.EnumerableAggregate_java","245"
"core.src.main.java.org.apache.calcite.sql.validate.implicit.TypeCoercion_java","241"
"core.src.test.java.org.apache.calcite.sql.test.SqlTestFactory_java","240"
"core.src.main.java.org.apache.calcite.runtime.AutomatonBuilder_java","237"
"babel.src.test.java.org.apache.calcite.test.BabelParserTest_java","234"
"core.src.main.java.org.apache.calcite.rex.RexUtil_java","233"
"core.src.test.java.org.apache.calcite.rex.RexBuilderTest_java","233"
"core.src.main.java.org.apache.calcite.rel.rules.ExchangeRemoveConstantKeysRule_java","233"
"core.src.main.java.org.apache.calcite.runtime.Pattern_java","232"
"site._docs.lattice_md","232"
"core.src.test.java.org.apache.calcite.test.enumerable.EnumerableBatchNestedLoopJoinTest_java","229"
"core.src.main.java.org.apache.calcite.sql.fun.SqlJsonApiCommonSyntaxOperator_java","228"
"core.src.main.java.org.apache.calcite.prepare.CalcitePrepareImpl_java","227"
"site._docs.model_md","224"
"druid.src.test.java.org.apache.calcite.test.DruidAdapterIT2_java","223"
"core.src.main.java.org.apache.calcite.sql.advise.SqlAdvisor_java","223"
"core.src.main.java.org.apache.calcite.statistic.QuerySqlStatisticProvider_java","222"
"core.src.main.java.org.apache.calcite.adapter.enumerable.RexToLixTranslator_java","218"
"core.src.main.java.org.apache.calcite.rel.metadata.RelMdPredicates_java","218"
"core.src.main.java.org.apache.calcite.rel.core.AggregateCall_java","216"
"core.src.test.java.org.apache.calcite.test.catalog.Fixture_java","210"
"core.src.test.resources.sql.winagg_iq","210"
"plus.src.test.java.org.apache.calcite.materialize.TpcdsLatticeSuggesterTest_java","210"
"core.src.test.java.org.apache.calcite.test.LatticeTest_java","209"
"geode.src.main.java.org.apache.calcite.adapter.geode.rel.GeodeFilter_java","205"
"geode.src.test.java.org.apache.calcite.adapter.geode.rel.GeodeZipsIT_java","205"
"core.src.main.java.org.apache.calcite.rel.metadata.RelMdCollation_java","204"
"core.src.main.java.org.apache.calcite.rel.rules.ReduceExpressionsRule_java","203"
"elasticsearch.src.main.java.org.apache.calcite.adapter.elasticsearch.ElasticsearchMapping_java","203"
"core.src.test.java.org.apache.calcite.sql.type.RelDataTypeSystemTest_java","203"
"core.src.test.java.org.apache.calcite.test.enumerable.EnumerableHashJoinTest_java","203"
"core.pom_xml","201"
"piglet.src.main.java.org.apache.calcite.piglet.PigTypes_java","200"
"core.src.main.java.org.apache.calcite.plan.RelOptRules_java","199"
"core.src.test.java.org.apache.calcite.runtime.EnumerablesTest_java","195"
"core.src.test.java.org.apache.calcite.test.BookstoreSchema_java","195"
"piglet.src.main.java.org.apache.calcite.piglet.PigRelUdfConverter_java","195"
"core.src.main.java.org.apache.calcite.sql.fun.SqlJsonArrayAggAggFunction_java","194"
"core.src.main.java.org.apache.calcite.rel.core.Aggregate_java","194"
"core.src.main.java.org.apache.calcite.rel.core.RepeatUnion_java","194"
"core.src.main.java.org.apache.calcite.prepare.PlannerImpl_java","190"
"core.src.test.java.org.apache.calcite.test.enumerable.EnumerableRepeatUnionTest_java","189"
"core.src.main.java.org.apache.calcite.rel.metadata.RelMdUtil_java","188"
"core.src.main.java.org.apache.calcite.runtime.DeterministicAutomaton_java","188"
"core.src.main.java.org.apache.calcite.sql.fun.SqlJsonObjectFunction_java","187"
"core.src.main.java.org.apache.calcite.plan.SubstitutionVisitor_java","186"
"ubenchmark.src.main.java.org.apache.calcite.benchmarks.StringConstructBenchmark_java","185"
"elasticsearch.src.test.java.org.apache.calcite.adapter.elasticsearch.ElasticsearchJsonTest_java","183"
"core.src.main.java.org.apache.calcite.rel.rules.SortJoinCopyRule_java","182"
"elasticsearch.src.main.java.org.apache.calcite.adapter.elasticsearch.Scrolling_java","181"
"core.src.main.java.org.apache.calcite.adapter.jdbc.JdbcRules_java","179"
"core.src.test.java.org.apache.calcite.test.SqlToRelTestBase_java","179"
"core.src.test.java.org.apache.calcite.test.RelMetadataTest_java","178"
"core.src.main.java.org.apache.calcite.sql.SemiJoinType_java","178"
"core.src.main.java.org.apache.calcite.rel.metadata.RelMdExpressionLineage_java","176"
"core.src.main.java.org.apache.calcite.materialize.MapSqlStatisticProvider_java","176"
"core.src.main.java.org.apache.calcite.sql.SqlKind_java","175"
"core.src.main.java.org.apache.calcite.util.NlsString_java","175"
"core.src.main.java.org.apache.calcite.sql.fun.SqlJsonObjectAggAggFunction_java","174"
"core.src.main.java.org.apache.calcite.tools.Frameworks_java","174"
"core.src.test.java.org.apache.calcite.plan.RelTraitTest_java","174"
"core.src.test.java.org.apache.calcite.test.SqlAdvisorJdbcTest_java","172"
"core.src.test.java.org.apache.calcite.test.enumerable.EnumerableJoinTest_java","170"
"core.src.test.java.org.apache.calcite.test.catalog.MockCatalogReaderExtended_java","168"
"geode.src.test.java.org.apache.calcite.adapter.geode.rel.BaseGeodeAdapterIT_java","168"
"core.src.main.java.org.apache.calcite.sql.fun.SqlLibraryOperatorTableFactory_java","168"
"core.src.main.java.org.apache.calcite.statistic.MapSqlStatisticProvider_java","168"
"cassandra.src.test.java.org.apache.calcite.test.CassandraAdapterTest_java","166"
"core.src.test.java.org.apache.calcite.test.HepPlannerTest_java","164"
"core.src.test.java.org.apache.calcite.test.enumerable.EnumerableRepeatUnionHierarchyTest_java","164"
"core.src.main.java.org.apache.calcite.rel.rules.AggregateJoinJoinRemoveRule_java","164"
"geode.src.test.java.org.apache.calcite.adapter.geode.rel.GeodeEmbeddedPolicy_java","164"
"core.src.main.java.org.apache.calcite.sql.fun.SqlJsonQueryFunction_java","162"
"example.csv.src.main.java.org.apache.calcite.adapter.csv.JsonTable_java","162"
"core.src.main.java.org.apache.calcite.rel.logical.ToLogicalConverter_java","162"
"core.src.main.java.org.apache.calcite.sql.fun.SqlJsonValueExpressionOperator_java","159"
"core.src.main.java.org.apache.calcite.rel.AbstractRelNode_java","159"
"core.src.test.java.org.apache.calcite.sql.test.DefaultSqlTestFactory_java","159"
"core.src.main.java.org.apache.calcite.plan.volcano.RelSubset_java","158"
"core.src.main.java.org.apache.calcite.runtime.Automaton_java","158"
"core.src.main.java.org.apache.calcite.rel.rules.AggregateMergeRule_java","157"
"core.src.test.java.org.apache.calcite.test.SqlValidatorDynamicTest_java","154"
"core.src.test.java.org.apache.calcite.rex.RexExecutorTest_java","153"
"core.src.main.java.org.apache.calcite.runtime.CalciteResource_java","151"
"core.src.main.java.org.apache.calcite.rel.core.JoinRelType_java","150"
"core.src.test.java.org.apache.calcite.test.fuzzer.RexToTestCodeShuttle_java","150"
"core.src.main.java.org.apache.calcite.materialize.Step_java","150"
"core.src.test.java.org.apache.calcite.test.catalog.CompoundNameColumnResolver_java","150"
"core.src.main.java.org.apache.calcite.schema.impl.ListTransientTable_java","150"
"elasticsearch.src.main.java.org.apache.calcite.adapter.elasticsearch.AbstractElasticsearchTable_java","150"
"core.src.test.resources.sql.misc_iq","149"
"core.src.main.java.org.apache.calcite.adapter.enumerable.EnumerableJoin_java","149"
"geode.src.test.resources.zips-mini_json","149"
"core.src.main.java.org.apache.calcite.sql.SqlRowTypeSpec_java","148"
"core.src.main.java.org.apache.calcite.rel.rules.ProjectJoinJoinRemoveRule_java","148"
"core.src.main.java.org.apache.calcite.adapter.jdbc.JdbcCatalogSchema_java","147"
"elasticsearch.src.main.java.org.apache.calcite.adapter.elasticsearch.ElasticsearchEnumerators_java","146"
"core.src.main.java.org.apache.calcite.adapter.enumerable.OrderedAggregateLambdaFactory_java","145"
"core.src.main.java.org.apache.calcite.runtime.Enumerables_java","145"
"core.src.main.java.org.apache.calcite.rel.mutable.MutableMatch_java","144"
"core.src.main.java.org.apache.calcite.sql.fun.SqlJsonArrayFunction_java","143"
"core.src.test.java.org.apache.calcite.test.TypeCoercionConverterTest_java","143"
"core.src.main.java.org.apache.calcite.rel.rules.AggregateJoinRemoveRule_java","142"
"core.src.main.java.org.apache.calcite.sql.SqlCollectionTypeNameSpec_java","142"
"core.src.main.java.org.apache.calcite.adapter.enumerable.EnumerableBatchNestedLoopJoinRule_java","142"
"core.src.main.java.org.apache.calcite.util.EquivalenceSet_java","142"
"example.csv.src.main.java.org.apache.calcite.adapter.csv.JsonEnumerator_java","141"
"core.src.main.java.org.apache.calcite.rel.rules.JoinToCorrelateRule_java","140"
"core.src.main.java.org.apache.calcite.adapter.enumerable.EnumerableTableSpool_java","139"
"core.src.main.java.org.apache.calcite.sql.type.ReturnTypes_java","138"
"core.src.test.java.org.apache.calcite.schemas.HrClusteredSchema_java","138"
"core.src.main.java.org.apache.calcite.rel.core.SemiJoin_java","137"
"core.src.test.java.org.apache.calcite.adapter.enumerable.TypeFinderTest_java","136"
"core.src.main.java.org.apache.calcite.sql.fun.SqlPosixRegexOperator_java","136"
"core.src.main.java.org.apache.calcite.sql.advise.SqlSimpleParser_java","135"
"core.src.main.java.org.apache.calcite.adapter.enumerable.EnumerableJoinRule_java","135"
"core.src.main.java.org.apache.calcite.materialize.LatticeSpace_java","135"
"core.src.main.java.org.apache.calcite.sql.SqlSnapshot_java","135"
"core.src.test.java.org.apache.calcite.test.SqlStatisticProviderTest_java","135"
"core.src.main.java.org.apache.calcite.rel.rules.ProjectJoinRemoveRule_java","133"
"core.src.test.java.org.apache.calcite.sql.validate.LexEscapeTest_java","133"
"core.src.main.java.org.apache.calcite.rex.RexCall_java","132"
"site._docs.adapter_md","131"
"core.src.main.java.org.apache.calcite.util.Util_java","131"
"elasticsearch.src.test.java.org.apache.calcite.adapter.elasticsearch.ScrollingTest_java","131"
"core.src.main.java.org.apache.calcite.util.Compatible_java","131"
"piglet.src.main.java.org.apache.calcite.piglet.PigRelToSqlConverter_java","128"
"site.develop.index_md","127"
"core.src.test.java.org.apache.calcite.plan.volcano.VolcanoPlannerTest_java","127"
"kafka.src.main.java.org.apache.calcite.adapter.kafka.KafkaTableFactory_java","127"
"core.src.main.java.org.apache.calcite.rel.core.Spool_java","127"
"core.src.main.java.org.apache.calcite.materialize.MutableNode_java","127"
"site._docs.algebra_md","126"
"core.src.main.java.org.apache.calcite.adapter.enumerable.EnumerableRepeatUnion_java","125"
"core.src.main.java.org.apache.calcite.adapter.jdbc.JdbcSchema_java","124"
"core.src.test.java.org.apache.calcite.test.ReflectiveSchemaTest_java","123"
"core.src.main.java.org.apache.calcite.rel.rules.FilterProjectTransposeRule_java","123"
"core.src.test.java.org.apache.calcite.rel.rules.EnumerableLimitRuleTest_java","123"
"core.src.main.java.org.apache.calcite.util.BlackholeMap_java","122"
"kafka.src.main.java.org.apache.calcite.adapter.kafka.KafkaStreamTable_java","122"
"elasticsearch.src.main.java.org.apache.calcite.adapter.elasticsearch.ElasticsearchSchema_java","120"
"core.src.main.java.org.apache.calcite.sql.advise.SqlAdvisorGetHintsFunction2_java","120"
"core.src.main.java.org.apache.calcite.rex.RexBuilder_java","118"
"core.src.main.java.org.apache.calcite.rel.rules.AggregateExpandDistinctAggregatesRule_java","117"
"core.src.main.java.org.apache.calcite.adapter.enumerable.EnumUtils_java","117"
"core.src.main.java.org.apache.calcite.runtime.FlatLists_java","117"
"core.src.main.java.org.apache.calcite.interpreter.Bindables_java","116"
"core.src.main.java.org.apache.calcite.adapter.enumerable.EnumerableNestedLoopJoin_java","116"
"geode.src.test.java.org.apache.calcite.adapter.geode.rel.JsonLoader_java","116"
"core.src.main.java.org.apache.calcite.materialize.LatticeNode_java","116"
"kafka.pom_xml","114"
"core.src.main.java.org.apache.calcite.sql.SqlSplittableAggFunction_java","114"
"mongodb.src.test.java.org.apache.calcite.adapter.mongodb.MongoAdapterTest_java","113"
"kafka.src.test.java.org.apache.calcite.adapter.kafka.KafkaAdapterTest_java","113"
"core.src.main.java.org.apache.calcite.util.graph.AttributedDirectedGraph_java","113"
"core.src.test.java.org.apache.calcite.test.catalog.MockCatalogReaderDynamic_java","112"
"core.src.main.java.org.apache.calcite.sql.dialect.BigQuerySqlDialect_java","112"
"piglet.src.main.java.org.apache.calcite.piglet.PigUdfFinder_java","112"
"cassandra.src.test.java.org.apache.calcite.test.CassandraAdapterIT_java","111"
"core.src.test.java.org.apache.calcite.jdbc.JavaTypeFactoryTest_java","110"
"core.src.main.java.org.apache.calcite.rex.RexUnknownAs_java","110"
"core.src.main.java.org.apache.calcite.rel.core.Snapshot_java","110"
"site._docs.kafka_adapter_md","109"
"file.src.test.java.org.apache.calcite.adapter.file.SqlTest_java","108"
"core.src.main.java.org.apache.calcite.sql.dialect.SparkSqlDialect_java","108"
"plus.src.main.java.org.apache.calcite.chinook.ChinookAvaticaServer_java","108"
"core.src.test.java.org.apache.calcite.rex.RexSqlStandardConvertletTableTest_java","106"
"core.src.main.java.org.apache.calcite.rel.externalize.RelEnumTypes_java","106"
"elasticsearch.src.main.java.org.apache.calcite.adapter.elasticsearch.QueryBuilders_java","106"
"core.src.test.java.org.apache.calcite.sql.test.AbstractSqlTester_java","105"
"core.src.main.java.org.apache.calcite.rel.logical.LogicalRepeatUnion_java","105"
"core.src.main.java.org.apache.calcite.sql.SqlTypeNameSpec_java","104"
"core.src.main.java.org.apache.calcite.statistic.CachingSqlStatisticProvider_java","104"
"core.src.test.java.org.apache.calcite.runtime.DeterministicAutomatonTest_java","104"
"core.src.main.java.org.apache.calcite.sql.dialect.OracleSqlDialect_java","103"
"linq4j.src.main.java.org.apache.calcite.linq4j.ExtendedEnumerable_java","102"
"core.src.main.java.org.apache.calcite.sql.SqlUserDefinedTypeNameSpec_java","100"
"linq4j.src.main.java.org.apache.calcite.linq4j.tree.BinaryExpression_java","100"
"core.src.main.java.org.apache.calcite.sql.type.BasicSqlType_java","100"
"core.src.main.java.org.apache.calcite.sql.fun.OracleSqlOperatorTable_java","100"
"geode.src.test.java.org.apache.calcite.adapter.geode.rel.GeodeAdapterIT_java","99"
"core.src.main.java.org.apache.calcite.adapter.enumerable.EnumerableSemiJoinRule_java","98"
"core.src.test.java.org.apache.calcite.util.TestUtilTest_java","98"
"core.src.main.java.org.apache.calcite.sql.fun.SqlJsonTypeFunction_java","97"
"core.src.test.java.org.apache.calcite.util.SourceTest_java","97"
"server.src.main.java.org.apache.calcite.sql.ddl.SqlCreateFunction_java","97"
"linq4j.src.main.java.org.apache.calcite.linq4j.MemoryFactory_java","97"
"example.csv.src.test.java.org.apache.calcite.test.CsvTest_java","96"
"core.src.main.java.org.apache.calcite.util.Pair_java","96"
"core.src.main.java.org.apache.calcite.sql.fun.SqlLibrary_java","96"
"core.src.main.java.org.apache.calcite.sql.fun.SqlJsonDepthFunction_java","95"
"linq4j.src.test.java.org.apache.calcite.linq4j.test.BlockBuilderTest_java","95"
"core.src.main.java.org.apache.calcite.rel.logical.LogicalTableSpool_java","95"
"file.src.test.java.org.apache.calcite.adapter.file.FileReaderTest_java","95"
"core.src.main.java.org.apache.calcite.util.NameSet_java","95"
"core.src.test.java.org.apache.calcite.test.UdfTest_java","94"
"core.src.main.java.org.apache.calcite.sql.fun.SqlJsonLengthFunction_java","94"
"core.src.main.java.org.apache.calcite.rel.mutable.MutableSemiJoin_java","94"
"core.src.main.java.org.apache.calcite.adapter.enumerable.SequencedAdderAggregateLambdaFactory_java","94"
"core.src.main.java.org.apache.calcite.sql.fun.SqlJsonExistsFunction_java","92"
"kafka.src.main.java.org.apache.calcite.adapter.kafka.KafkaMessageEnumerator_java","92"
"piglet.src.main.java.org.apache.calcite.piglet.PigRelOpWalker_java","92"
"server.pom_xml","91"
"core.src.test.java.org.apache.calcite.util.TestUtil_java","91"
"core.src.test.java.org.apache.calcite.test.HierarchySchema_java","91"
"plus.src.test.java.org.apache.calcite.adapter.tpcds.TpcdsTest_java","90"
"linq4j.src.main.java.org.apache.calcite.linq4j.tree.ForEachStatement_java","90"
"elasticsearch.src.test.java.org.apache.calcite.test.ElasticsearchChecker_java","90"
"core.src.main.java.org.apache.calcite.adapter.jdbc.JdbcToEnumerableConverter_java","89"
"appveyor_yml","89"
"linq4j.src.main.java.org.apache.calcite.linq4j.JoinType_java","89"
"linq4j.src.main.java.org.apache.calcite.linq4j.MemoryEnumerator_java","88"
"core.src.test.java.org.apache.calcite.sql.test.SqlRuntimeTester_java","88"
"babel.pom_xml","87"
"core.src.main.java.org.apache.calcite.rel.rules.FilterJoinRule_java","87"
"core.src.test.java.org.apache.calcite.test.RexImplicationCheckerTest_java","87"
"elasticsearch.src.main.java.org.apache.calcite.adapter.elasticsearch.ElasticsearchRel_java","87"
"core.src.test.java.org.apache.calcite.test.JdbcAdapterTest_java","86"
"core.src.test.java.org.apache.calcite.sql.test.SqlTesterImpl_java","86"
"linq4j.src.main.java.org.apache.calcite.linq4j.CorrelateJoinType_java","86"
"core.src.main.java.org.apache.calcite.util.CompoundClosableAllocation_java","86"
"core.src.main.java.org.apache.calcite.util.CaseInsensitiveComparator_java","86"
"core.src.main.java.org.apache.calcite.materialize.LatticeRootNode_java","86"
"core.src.test.java.org.apache.calcite.test.StreamTest_java","85"
"elasticsearch.src.main.java.org.apache.calcite.adapter.elasticsearch.ElasticsearchRules_java","85"
"core.src.main.java.org.apache.calcite.rel.rules.AggregateProjectMergeRule_java","85"
"core.src.main.java.org.apache.calcite.sql.parser.SqlParser_java","85"
"core.src.main.java.org.apache.calcite.rel.rules.PruneEmptyRules_java","85"
"core.src.test.java.org.apache.calcite.test.FoodMartQuerySet_java","85"
"core.src.main.java.org.apache.calcite.sql.SqlWithinGroupOperator_java","85"
"core.src.test.resources.sql.struct_iq","84"
"core.src.main.java.org.apache.calcite.rel.core.JoinInfo_java","84"
"piglet.src.main.java.org.apache.calcite.piglet.PigRelExWalker_java","84"
"piglet.pom_xml","82"
"core.src.main.java.org.apache.calcite.rel.mutable.MutableRels_java","82"
"core.src.main.java.org.apache.calcite.plan.RelCompositeTrait_java","82"
"geode.src.main.java.org.apache.calcite.adapter.geode.rel.GeodeTable_java","82"
"core.src.test.java.org.apache.calcite.test.catalog.CountingFactory_java","82"
"core.src.main.java.org.apache.calcite.sql.SqlAggFunction_java","81"
"kafka.src.main.java.org.apache.calcite.adapter.kafka.KafkaTableOptions_java","81"
"plus.src.main.java.org.apache.calcite.adapter.os.JpsTableFunction_java","81"
"core.src.main.java.org.apache.calcite.sql.validate.implicit.package-info_java","81"
"core.src.main.java.org.apache.calcite.rel.logical.LogicalCorrelate_java","80"
"elasticsearch.src.main.java.org.apache.calcite.adapter.elasticsearch.ElasticsearchSort_java","80"
"piglet.src.test.java.org.apache.calcite.test.PigScriptTest_java","79"
"core.src.main.java.org.apache.calcite.util.NameMultimap_java","78"
"core.src.main.java.org.apache.calcite.plan.hep.HepPlanner_java","78"
"elasticsearch.src.test.java.org.apache.calcite.adapter.elasticsearch.EmbeddedElasticsearchPolicy_java","78"
"core.src.test.java.org.apache.calcite.test.FoodmartTest_java","78"
"piglet.src.main.java.org.apache.calcite.piglet.PigUserDefinedFunction_java","78"
"file.src.test.resources.sales-json.EMPS_json","78"
"babel.src.main.codegen.includes.parserImpls_ftl","77"
"core.src.test.java.org.apache.calcite.tools.FrameworksTest_java","77"
"core.src.main.java.org.apache.calcite.sql.fun.SqlJsonPrettyFunction_java","77"
"core.src.main.java.org.apache.calcite.sql.fun.SqlJsonKeysFunction_java","77"
"server.src.main.codegen.includes.parserImpls_ftl","77"
"core.src.main.java.org.apache.calcite.adapter.enumerable.SourceSorter_java","77"
"core.src.main.java.org.apache.calcite.sql.fun.SqlRegexpReplaceFunction_java","77"
"core.src.main.java.org.apache.calcite.rel.rules.AggregateRemoveRule_java","77"
"core.src.test.java.org.apache.calcite.test.RexShuttleTest_java","76"
"plus.src.test.java.org.apache.calcite.chinook.RemotePreparedStatementParametersTest_java","76"
"piglet.src.main.java.org.apache.calcite.piglet.PigTable_java","76"
"piglet.src.main.java.org.apache.calcite.piglet.DynamicTupleRecordType_java","76"
"core.src.main.java.org.apache.calcite.rel.core.TableSpool_java","75"
"linq4j.src.main.java.org.apache.calcite.linq4j.ModularInteger_java","75"
"core.src.main.java.org.apache.calcite.rel.rules.AggregateJoinTransposeRule_java","74"
"core.src.test.java.org.apache.calcite.test.MockSqlOperatorTable_java","74"
"core.src.test.java.org.apache.calcite.test.InduceGroupingTypeTest_java","74"
"core.src.main.java.org.apache.calcite.rel.logical.LogicalSnapshot_java","74"
"core.src.main.java.org.apache.calcite.sql.fun.SqlJsonRemoveFunction_java","73"
"core.src.test.java.org.apache.calcite.sql.test.DelegatingSqlTestFactory_java","73"
"core.src.main.java.org.apache.calcite.adapter.enumerable.EnumerableCorrelate_java","72"
"core.src.main.java.org.apache.calcite.adapter.enumerable.EnumerableThetaJoin_java","72"
"core.src.test.java.org.apache.calcite.adapter.enumerable.PhysTypeTest_java","72"
"core.src.main.java.org.apache.calcite.sql.SqlJdbcFunctionCall_java","71"
"site._docs.elasticsearch_adapter_md","71"
"core.src.main.java.org.apache.calcite.sql.util.ReflectiveSqlOperatorTable_java","71"
"core.src.main.java.org.apache.calcite.adapter.enumerable.EnumerableRules_java","70"
"elasticsearch.src.main.java.org.apache.calcite.adapter.elasticsearch.PredicateAnalyzer_java","70"
"linq4j.src.test.java.org.apache.calcite.linq4j.MemoryEnumerableTest_java","70"
"core.src.main.java.org.apache.calcite.sql.fun.SqlCastOperator_java","70"
"core.src.test.java.org.apache.calcite.util.graph.DirectedGraphTest_java","70"
"kafka.src.main.java.org.apache.calcite.adapter.kafka.KafkaRowConverterImpl_java","69"
"site.downloads.avatica-go_md","68"
"core.src.main.java.org.apache.calcite.sql.fun.SqlBitOpAggFunction_java","68"
"core.src.main.java.org.apache.calcite.rel.logical.LogicalSortExchange_java","68"
"site._data.contributors_yml","67"
"core.src.main.java.org.apache.calcite.jdbc.JavaTypeFactoryImpl_java","67"
"geode.src.main.java.org.apache.calcite.adapter.geode.util.GeodeUtils_java","67"
"core.src.main.java.org.apache.calcite.materialize.SqlStatisticProvider_java","67"
"core.src.main.java.org.apache.calcite.plan.ViewExpanders_java","67"
"core.src.test.java.org.apache.calcite.plan.volcano.PlannerTests_java","67"
"core.src.main.java.org.apache.calcite.sql.SqlNullTreatmentOperator_java","67"
"site.downloads.index_md","66"
"core.src.test.java.org.apache.calcite.test.catalog.EmpInitializerExpressionFactory_java","66"
"plus.src.main.java.org.apache.calcite.chinook.CodesFunction_java","66"
"core.src.main.java.org.apache.calcite.adapter.enumerable.EnumerableTableSpoolRule_java","65"
"core.src.main.java.org.apache.calcite.util.Sources_java","65"
"core.src.main.java.org.apache.calcite.tools.Programs_java","64"
"core.src.main.java.org.apache.calcite.adapter.enumerable.EnumerableRelImplementor_java","64"
"core.src.main.java.org.apache.calcite.sql.SqlDialectFactoryImpl_java","64"
"core.src.main.java.org.apache.calcite.rel.core.Correlate_java","64"
"kafka.src.test.java.org.apache.calcite.adapter.kafka.KafkaRowConverterTest_java","64"
"core.src.main.java.org.apache.calcite.sql.type.SqlTypeFamily_java","64"
"core.src.main.java.org.apache.calcite.rel.logical.LogicalAggregate_java","63"
"kafka.src.main.java.org.apache.calcite.adapter.kafka.KafkaRowConverter_java","63"
"core.src.main.java.org.apache.calcite.jdbc.ContextSqlValidator_java","63"
"elasticsearch.src.test.java.org.apache.calcite.adapter.elasticsearch.QueryBuildersTest_java","63"
"core.src.test.java.org.apache.calcite.test.CalciteSuite_java","62"
"core.src.main.java.org.apache.calcite.plan.volcano.VolcanoRuleCall_java","62"
"core.src.main.java.org.apache.calcite.rel.rules.PushProjector_java","61"
"core.src.main.java.org.apache.calcite.sql.SqlRowTypeNameSpec_java","61"
"core.src.main.java.org.apache.calcite.sql.dialect.HiveSqlDialect_java","61"
"core.src.main.java.org.apache.calcite.sql.type.SetopOperandTypeChecker_java","61"
"core.src.main.java.org.apache.calcite.sql.parser.SqlAbstractParserImpl_java","60"
"core.src.main.java.org.apache.calcite.adapter.enumerable.EnumerableInterpretable_java","60"
"docker-compose_yml","59"
"core.src.test.java.org.apache.calcite.test.QuidemTest_java","58"
"core.src.main.java.org.apache.calcite.adapter.enumerable.EnumerableRepeatUnionRule_java","58"
"core.src.main.resources.org.apache.calcite.runtime.CalciteResource_properties","57"
"core.src.main.java.org.apache.calcite.config.CalciteConnectionConfigImpl_java","57"
"core.src.main.java.org.apache.calcite.rex.RexFieldCollation_java","57"
"core.src.main.java.org.apache.calcite.util.graph.DefaultDirectedGraph_java","57"
"geode.src.main.java.org.apache.calcite.adapter.geode.rel.GeodeSchema_java","57"
"core.src.main.java.org.apache.calcite.plan.RelTraitDef_java","57"
"core.src.main.java.org.apache.calcite.sql2rel.RelFieldTrimmer_java","56"
"elasticsearch.src.main.java.org.apache.calcite.adapter.elasticsearch.ElasticsearchToEnumerableConverter_java","56"
"server.src.test.resources.sql.type_iq","56"
"docker.src.test.scripts.verify-dockerhub-dockerfile-version_groovy","56"
"core.src.main.java.org.apache.calcite.materialize.LatticeTable_java","56"
"cassandra.pom_xml","55"
"plus.src.test.java.org.apache.calcite.adapter.os.OsAdapterTest_java","55"
"site._docs.file_adapter_md","55"
"core.src.main.java.org.apache.calcite.rel.rules.MatchRule_java","55"
"plus.src.test.resources.sql.cross-join-lateral_iq","55"
"druid.src.test.java.org.apache.calcite.test.DruidChecker_java","55"
"example.csv.src.main.java.org.apache.calcite.adapter.csv.JsonScannableTable_java","54"
"geode.src.test.resources.model-geode-pg-federation_json","54"
"core.src.main.java.org.apache.calcite.sql.type.ImplicitCastOperandTypeChecker_java","54"
"elasticsearch.pom_xml","53"
"kafka.src.test.resources.kafka_model_json","53"
"core.src.main.java.org.apache.calcite.util.mapping.IntPair_java","53"
"plus.pom_xml","52"
"ubenchmark.src.main.java.org.apache.calcite.adapter.enumerable.package-info_java","52"
"core.src.main.java.org.apache.calcite.adapter.enumerable.EnumerableMergeJoin_java","52"
"site.downloads.avatica_md","52"
"core.src.main.java.org.apache.calcite.sql.type.FamilyOperandTypeChecker_java","52"
"core.src.main.java.org.apache.calcite.sql.validate.SqlValidatorUtil_java","51"
"linq4j.src.main.java.org.apache.calcite.linq4j.tree.Expressions_java","51"
"server.src.test.java.org.apache.calcite.test.ServerParserTest_java","51"
"core.src.main.java.org.apache.calcite.jdbc.CalciteSchema_java","50"
"core.src.test.java.org.apache.calcite.test.MutableRelTest_java","50"
"core.src.main.java.org.apache.calcite.sql.type.CompositeOperandTypeChecker_java","50"
"core.src.main.java.org.apache.calcite.sql.fun.SqlRollupOperator_java","49"
"core.src.main.java.org.apache.calcite.sql.SqlFilterOperator_java","49"
"cassandra.src.main.java.org.apache.calcite.adapter.cassandra.CassandraSchema_java","49"
"kafka.src.test.java.org.apache.calcite.adapter.kafka.KafkaMockConsumer_java","49"
"core.src.main.java.org.apache.calcite.runtime.Utilities_java","49"
"mongodb.pom_xml","48"
"core.src.main.java.org.apache.calcite.util.Bug_java","48"
"geode.src.main.java.org.apache.calcite.adapter.geode.rel.GeodeRules_java","48"
"core.src.main.java.org.apache.calcite.adapter.enumerable.EnumerableMergeJoinRule_java","48"
"core.src.main.java.org.apache.calcite.sql.type.SqlTypeAssignmentRules_java","48"
"core.src.main.java.org.apache.calcite.adapter.enumerable.AggregateLambdaFactory_java","48"
"linq4j.src.main.java.org.apache.calcite.linq4j.MemoryEnumerable_java","48"
"linq4j.src.main.java.org.apache.calcite.linq4j.DefaultEnumerable_java","47"
"core.src.main.java.org.apache.calcite.rel.metadata.RelMdDistinctRowCount_java","47"
"core.src.test.java.org.apache.calcite.util.Smalls_java","47"
"core.src.main.java.org.apache.calcite.util.Unsafe_java","47"
"core.src.test.java.org.apache.calcite.test.RelMdPercentageOriginalRowsTest_java","47"
"core.src.main.java.org.apache.calcite.rel.rules.LoptSemiJoinOptimizer_java","47"
"geode.src.test.resources.model-zips_json","47"
"piglet.src.main.java.org.apache.calcite.piglet.PigUdfs_java","47"
"core.src.main.java.org.apache.calcite.sql.SqlCollation_java","46"
"linq4j.src.main.java.org.apache.calcite.linq4j.tree.ExpressionWriter_java","46"
"core.src.test.java.org.apache.calcite.test.fuzzer.SimplifyTask_java","46"
"core.src.main.java.org.apache.calcite.materialize.LatticeChildNode_java","46"
"core.src.main.java.org.apache.calcite.util.SourceStringReader_java","46"
"elasticsearch.src.main.java.org.apache.calcite.adapter.elasticsearch.ElasticsearchProject_java","45"
"core.src.main.java.org.apache.calcite.sql.dialect.MysqlSqlDialect_java","45"
"linq4j.src.test.java.org.apache.calcite.linq4j.test.Linq4jTest_java","45"
"core.src.main.java.org.apache.calcite.sql.SqlJsonEncoding_java","45"
"core.src.main.java.org.apache.calcite.sql.fun.LibraryOperator_java","45"
"core.src.main.java.org.apache.calcite.rel.rules.ProjectSetOpTransposeRule_java","45"
"geode.src.test.java.org.apache.calcite.adapter.geode.rel.GeodeAssertions_java","45"
"geode.src.test.resources.model-bookshop-all_json","45"
"plus.src.main.resources.chinook.chinook_json","45"
"core.src.main.java.org.apache.calcite.materialize.Path_java","45"
"babel.src.test.java.org.apache.calcite.test.BabelTest_java","45"
"core.src.main.java.org.apache.calcite.adapter.enumerable.BasicLazyAccumulator_java","45"
"server.src.test.java.org.apache.calcite.test.ServerTest_java","44"
"core.src.test.java.org.apache.calcite.test.Matchers_java","44"
"file.src.test.resources.sales-json.SDEPTS_json","44"
"core.src.main.java.org.apache.calcite.adapter.enumerable.EnumerableMatchRule_java","44"
"piglet.src.test.resources.testPig_pig","44"
"geode.pom_xml","43"
"example.csv.pom_xml","43"
"site.README_md","43"
"core.src.main.java.org.apache.calcite.rel.metadata.RelMdRowCount_java","43"
"example.csv.src.test.resources.bug.ARCHERS_json","43"
"ubenchmark.pom_xml","42"
"core.src.main.java.org.apache.calcite.sql.validate.SqlValidator_java","42"
"core.src.main.java.org.apache.calcite.sql.SqlJsonQueryEmptyOrErrorBehavior_java","42"
"core.src.test.resources.sql.conditions_iq","42"
"core.src.main.java.org.apache.calcite.rel.rules.FilterMultiJoinMergeRule_java","42"
"core.src.main.java.org.apache.calcite.plan.MaterializedViewSubstitutionVisitor_java","42"
"piglet.src.test.java.org.apache.calcite.test.PigRelTestBase_java","42"
"core.src.main.java.org.apache.calcite.sql.fun.SqlJsonStorageSizeFunction_java","42"
"core.src.main.java.org.apache.calcite.sql.util.SqlString_java","42"
"site._posts.2018-12-21-release-1_18_0_md","42"
"core.src.main.java.org.apache.calcite.plan.Strong_java","41"
"core.src.main.java.org.apache.calcite.sql.SqlJsonValueEmptyOrErrorBehavior_java","41"
"core.src.test.java.org.apache.calcite.sql.type.SqlTypeFactoryTest_java","41"
"geode.src.test.java.org.apache.calcite.adapter.geode.rel.AbstractGeodeTest_java","41"
"core.src.main.java.org.apache.calcite.rel.logical.LogicalMatch_java","41"
"core.src.main.java.org.apache.calcite.util.Optionality_java","41"
"spark.pom_xml","40"
"pig.pom_xml","40"
"druid.src.main.java.org.apache.calcite.adapter.druid.DruidRules_java","40"
"core.src.test.java.org.apache.calcite.test.MultiJdbcSchemaJoinTest_java","40"
"linq4j.src.main.java.org.apache.calcite.linq4j.tree.BlockBuilder_java","40"
"server.src.test.java.org.apache.calcite.test.ServerUnParserTest_java","40"
"site._docs.materialized_views_md","40"
"core.src.main.java.org.apache.calcite.sql.advise.SqlAdvisorHint2_java","40"
"site._posts.2018-07-20-release-1_17_0_md","40"
"core.src.main.java.org.apache.calcite.adapter.enumerable.LazyAggregateLambdaFactory_java","40"
"_travis_yml","39"
"core.src.main.java.org.apache.calcite.adapter.enumerable.EnumerableWindow_java","39"
"core.src.main.java.org.apache.calcite.rel.metadata.RelMdColumnUniqueness_java","39"
"elasticsearch.src.test.java.org.apache.calcite.adapter.elasticsearch.BooleanLogicTest_java","39"
"spotbugs-filter_xml","39"
"core.src.test.java.org.apache.calcite.test.catalog.VirtualColumnsExpressionFactory_java","39"
"core.src.main.java.org.apache.calcite.interpreter.MatchNode_java","39"
"geode.src.test.resources.model-with-classes_json","39"
"server.src.main.java.org.apache.calcite.sql.ddl.SqlDropFunction_java","39"
"core.src.test.java.org.apache.calcite.test.catalog.CompoundNameColumn_java","39"
"docker.pom_xml","38"
"core.src.main.java.org.apache.calcite.sql.SqlIdentifier_java","38"
"core.src.main.java.org.apache.calcite.sql.SqlJsonEmptyOrError_java","38"
"geode.src.main.java.org.apache.calcite.adapter.geode.rel.GeodeAggregate_java","38"
"mongodb.src.test.java.org.apache.calcite.adapter.mongodb.MongoDatabasePolicy_java","38"
"core.src.main.java.org.apache.calcite.sql.dialect.SnowflakeSqlDialect_java","38"
"core.src.test.resources.sql.some_iq","37"
"core.src.main.java.org.apache.calcite.rel.core.Match_java","37"
"core.src.main.java.org.apache.calcite.sql.dialect.PostgresqlSqlDialect_java","37"
"core.src.main.java.org.apache.calcite.util.NameMap_java","37"
"core.src.test.resources.sql.join_iq","37"
"core.src.main.java.org.apache.calcite.rel.core.Window_java","37"
"core.src.main.java.org.apache.calcite.sql.fun.SqlRegrCountAggFunction_java","37"
"elasticsearch.src.test.java.org.apache.calcite.adapter.elasticsearch.ProjectionTest_java","37"
"linq4j.pom_xml","36"
"core.src.test.resources.sql.blank_iq","36"
"druid.src.main.java.org.apache.calcite.adapter.druid.DruidQuery_java","36"
"core.src.test.java.org.apache.calcite.plan.volcano.VolcanoPlannerTraitTest_java","36"
"core.src.main.java.org.apache.calcite.prepare.RelOptTableImpl_java","35"
"core.src.main.java.org.apache.calcite.sql.SqlJsonConstructorNullClause_java","35"
"core.src.main.java.org.apache.calcite.sql.validate.implicit.TypeCoercions_java","35"
"geode.src.test.resources.model-bookshop_json","35"
"core.src.test.java.org.apache.calcite.test.WithLex_java","35"
"core.src.main.java.org.apache.calcite.util.ClosableAllocationOwner_java","35"
"geode.src.test.resources.model2_json","35"
"core.src.main.java.org.apache.calcite.schema.TemporalTable_java","35"
"core.src.test.java.org.apache.calcite.sql.test.SqlValidatorTester_java","35"
"core.src.main.java.org.apache.calcite.jdbc.CalciteConnectionImpl_java","34"
"core.src.test.java.org.apache.calcite.plan.volcano.TraitPropagationTest_java","34"
"core.src.main.java.org.apache.calcite.rel.rules.ProjectJoinTransposeRule_java","34"
"core.src.test.java.org.apache.calcite.test.ModelTest_java","34"
"core.src.test.java.org.apache.calcite.test.SqlTestGen_java","34"
"core.src.test.java.org.apache.calcite.test.DiffRepository_java","34"
"cassandra.src.test.resources.logback-test_xml","34"
"core.src.main.java.org.apache.calcite.rel.metadata.RelMdAllPredicates_java","34"
"core.src.main.java.org.apache.calcite.sql.parser.SqlParserPos_java","34"
"site._posts.2019-03-26-release-1_20_0_md","34"
"site._posts.2019-03-26-release-1_19_0_md","34"
"example.csv.src.test.resources.smart_yaml","34"
"geode.src.test.resources.model_json","34"
"druid.pom_xml","33"
"core.src.main.java.org.apache.calcite.sql.SqlFunction_java","33"
"core.src.main.java.org.apache.calcite.util.mapping.Mappings_java","33"
"core.src.test.java.org.apache.calcite.util.ImmutableBitSetTest_java","33"
"core.src.main.java.org.apache.calcite.schema.TransientTable_java","33"
"example.csv.src.test.resources.order-stream-table_yaml","33"
"splunk.pom_xml","32"
"example.pom_xml","32"
"example.function.pom_xml","32"
"file.pom_xml","32"
"core.src.main.java.org.apache.calcite.model.ModelHandler_java","32"
"file.src.test.resources.sales-json.DEPTS_json","32"
"core.src.test.java.org.apache.calcite.test.SqlValidatorFeatureTest_java","32"
"core.src.main.java.org.apache.calcite.util.ClosableAllocation_java","32"
"file.src.test.resources.sales-json_json","32"
"src.main.config.dependency-check.suppressions_xml","32"
"core.src.main.java.org.apache.calcite.plan.volcano.RuleQueue_java","31"
"_mvn.wrapper.maven-wrapper_properties","31"
"core.src.main.java.org.apache.calcite.rel.core.EquiJoin_java","31"
"server.src.main.java.org.apache.calcite.sql.ddl.SqlDdlNodes_java","31"
"core.src.main.java.org.apache.calcite.sql.SqlJsonExistsErrorBehavior_java","31"
"core.src.main.java.org.apache.calcite.rel.rules.SemiJoinProjectTransposeRule_java","31"
"core.src.test.resources.hsqldb-foodmart-auto-lattice-model_json","31"
"core.src.main.java.org.apache.calcite.adapter.jdbc.JdbcTable_java","31"
"core.src.test.resources.org.apache.calcite.test.HepPlannerTest_xml","30"
"core.src.main.java.org.apache.calcite.rel.metadata.RelMdUniqueKeys_java","30"
"core.src.main.java.org.apache.calcite.sql.pretty.SqlPrettyWriter_java","30"
"core.src.test.java.org.apache.calcite.jdbc.CalciteRemoteDriverTest_java","30"
"core.src.main.java.org.apache.calcite.sql.SqlJsonQueryWrapperBehavior_java","30"
"kafka.src.main.java.org.apache.calcite.adapter.kafka.KafkaTableConstants_java","30"
"core.src.main.java.org.apache.calcite.tools.PigRelBuilder_java","30"
"core.custom-schema-model_json","30"
"core.src.test.resources.sql.lateral_iq","30"
"core.src.main.java.org.apache.calcite.rel.core.Values_java","30"
"example.function.src.test.resources.model_yaml","30"
"core.src.main.java.org.apache.calcite.util.ImmutableBitSet_java","30"
"example.csv.src.test.resources.model-with-view_yaml","30"
"core.src.main.java.org.apache.calcite.rel.metadata.RelMdSize_java","29"
"server.src.main.java.org.apache.calcite.sql.ddl.SqlCreateTable_java","29"
"core.src.main.java.org.apache.calcite.rel.RelFieldCollation_java","29"
"core.src.test.kotlin.org.apache.calcite.TestKtTest_kt","29"
"core.src.main.java.org.apache.calcite.sql.fun.SqlCaseOperator_java","29"
"core.src.main.java.org.apache.calcite.rel.rules.SemiJoinJoinTransposeRule_java","29"
"elasticsearch.src.main.java.org.apache.calcite.adapter.elasticsearch.ExpressionNotAnalyzableException_java","29"
"example.csv.src.test.resources.filterable-model_yaml","29"
"core.src.main.java.org.apache.calcite.rel.rules.SemiJoinRule_java","29"
"example.csv.src.test.resources.model-stream-table_yaml","29"
"file.src.main.java.org.apache.calcite.adapter.file.FileSchema_java","29"
"core.src.test.java.org.apache.calcite.test.TableFunctionTest_java","28"
"core.src.main.java.org.apache.calcite.rex.RexInterpreter_java","28"
"core.src.main.java.org.apache.calcite.prepare.LixToRelTranslator_java","28"
"linq4j.src.main.java.org.apache.calcite.linq4j.tree.Types_java","28"
"mongodb.src.main.java.org.apache.calcite.adapter.mongodb.MongoAggregate_java","28"
"core.src.main.java.org.apache.calcite.statistic.package-info_java","28"
"core.src.main.java.org.apache.calcite.rex.RexDigestIncludeType_java","28"
"pig.src.test.resources.log4j_properties","28"
"site._docs.docker_images_md","28"
"linq4j.src.test.java.org.apache.calcite.linq4j.test.InlinerTest_java","28"
"kafka.src.main.java.org.apache.calcite.adapter.kafka.package-info_java","28"
"core.src.main.java.org.apache.calcite.sql.SqlNode_java","27"
"core.src.main.java.org.apache.calcite.rel.convert.ConverterRule_java","27"
"docker_sh","27"
"example.csv.src.test.resources.model-with-custom-table_yaml","27"
"spark.src.test.resources.log4j_properties","27"
"example.csv.src.test.resources.bug.archers_json","27"
"core.src.main.java.org.apache.calcite.rel.externalize.RelJsonReader_java","26"
"core.src.main.java.org.apache.calcite.rel.rules.ProjectFilterTransposeRule_java","26"
"linq4j.src.main.java.org.apache.calcite.linq4j.tree.Shuttle_java","26"
"core.src.main.java.org.apache.calcite.adapter.enumerable.PhysTypeImpl_java","26"
"core.src.main.java.org.apache.calcite.rel.rules.DateRangeRules_java","26"
"core.src.main.java.org.apache.calcite.rel.core.Join_java","26"
"example.csv.src.test.resources.model_yaml","26"
"geode.src.test.resources.log4j_properties","26"
"core.src.main.java.org.apache.calcite.rel.rules.AggregateStarTableRule_java","25"
"core.src.test.java.org.apache.calcite.test.RelOptTestBase_java","25"
"core.src.main.java.org.apache.calcite.rex.RexOver_java","25"
"piglet.src.test.java.org.apache.calcite.test.CalciteHandler_java","25"
"core.src.main.java.org.apache.calcite.rel.rules.AggregateUnionAggregateRule_java","25"
"core.src.main.java.org.apache.calcite.rel.type.RelRecordType_java","25"
"core.src.test.java.org.apache.calcite.test.SlowTests_java","25"
"core.src.main.java.org.apache.calcite.schema.impl.ViewTable_java","25"
"core.src.main.java.org.apache.calcite.rel.rules.AggregateUnionTransposeRule_java","24"
"core.src.main.java.org.apache.calcite.config.CalciteConnectionProperty_java","24"
"core.src.main.java.org.apache.calcite.DataContext_java","24"
"core.src.main.java.org.apache.calcite.rel.RelCollations_java","24"
"core.src.main.java.org.apache.calcite.rel.metadata.RelMdMaxRowCount_java","24"
"pig.src.main.java.org.apache.calcite.adapter.pig.PigAggregate_java","24"
"core.src.main.java.org.apache.calcite.sql.validate.DelegatingScope_java","24"
"example.csv.src.test.resources.bug_yaml","24"
"core.src.main.java.org.apache.calcite.sql.fun.SqlTimestampDiffFunction_java","24"
"elasticsearch.src.main.java.org.apache.calcite.adapter.elasticsearch.ElasticsearchConstants_java","23"
"core.src.test.java.org.apache.calcite.sql.test.SqlTester_java","23"
"core.src.main.java.org.apache.calcite.rel.type.RelDataTypeFactory_java","23"
"core.src.main.java.org.apache.calcite.rel.metadata.RelMdTableReferences_java","23"
"core.src.main.java.org.apache.calcite.sql.fun.SqlDotOperator_java","23"
"druid.src.main.java.org.apache.calcite.adapter.druid.DruidConnectionImpl_java","22"
"spark.src.main.java.org.apache.calcite.adapter.spark.SparkHandlerImpl_java","22"
"core.src.main.java.org.apache.calcite.plan.RexImplicationChecker_java","22"
"core.src.main.java.org.apache.calcite.rel.rules.SemiJoinFilterTransposeRule_java","22"
"core.src.main.java.org.apache.calcite.rex.RexCopier_java","22"
"core.src.main.java.org.apache.calcite.rel.rules.ProjectMultiJoinMergeRule_java","22"
"core.src.main.java.org.apache.calcite.sql.fun.SqlInOperator_java","22"
"core.src.main.java.org.apache.calcite.sql.validate.AggVisitor_java","21"
"core.src.main.java.org.apache.calcite.sql.parser.SqlParserUtil_java","21"
"core.src.main.java.org.apache.calcite.tools.FrameworkConfig_java","21"
"docker.src.main.dockerhub.hooks.post_push","21"
"core.src.main.java.org.apache.calcite.adapter.enumerable.ReflectiveCallNotNullImplementor_java","21"
"core.src.main.java.org.apache.calcite.sql.validate.SqlConformance_java","21"
"elasticsearch.src.main.java.org.apache.calcite.adapter.elasticsearch.ElasticsearchMethod_java","20"
"core.src.main.java.org.apache.calcite.rel.metadata.RelMdNodeTypes_java","20"
"core.src.main.java.org.apache.calcite.sql.fun.SqlCountAggFunction_java","20"
"core.src.main.java.org.apache.calcite.sql.validate.AggChecker_java","20"
"core.src.main.java.org.apache.calcite.sql.fun.SqlItemOperator_java","20"
"elasticsearch.src.main.java.org.apache.calcite.adapter.elasticsearch.ElasticsearchVersion_java","20"
"core.src.main.java.org.apache.calcite.rel.metadata.RelMdPercentageOriginalRows_java","20"
"core.src.test.resources.empty-model_yaml","20"
"core.src.test.java.org.apache.calcite.prepare.LookupOperatorOverloadsTest_java","20"
"core.src.main.java.org.apache.calcite.sql.SqlOperator_java","19"
"core.src.main.java.org.apache.calcite.rel.externalize.RelJsonWriter_java","19"
"core.src.main.java.org.apache.calcite.adapter.enumerable.PhysType_java","19"
"core.src.main.java.org.apache.calcite.rel.core.Project_java","19"
"mongodb.src.main.java.org.apache.calcite.adapter.mongodb.MongoSchemaFactory_java","19"
"core.src.main.java.org.apache.calcite.rex.RexFieldAccess_java","19"
"core.src.main.java.org.apache.calcite.rel.rules.AggregateExtractProjectRule_java","18"
"core.src.main.java.org.apache.calcite.interpreter.JaninoRexCompiler_java","18"
"core.src.main.java.org.apache.calcite.rel.metadata.RelMdPopulationSize_java","18"
"linq4j.src.test.java.org.apache.calcite.linq4j.test.PrimitiveTest_java","18"
"file.src.test.resources.sales-json.EMPTY_json","18"
"pig.src.main.java.org.apache.calcite.adapter.pig.PigRelFactories_java","18"
"core.src.test.java.org.apache.calcite.sql.type.SqlTypeFixture_java","18"
"site._docs.os_adapter_md","18"
"elasticsearch.src.main.java.org.apache.calcite.adapter.elasticsearch.ElasticsearchSchemaFactory_java","18"
"docker.src.main.dockerhub.hooks.build","18"
"core.src.main.java.org.apache.calcite.adapter.enumerable.EnumerableCollect_java","18"
"core.src.main.java.org.apache.calcite.rel.rules.ReduceDecimalsRule_java","17"
"core.src.main.java.org.apache.calcite.rel.rules.MultiJoinProjectTransposeRule_java","17"
"src.main.config.checkstyle.checker_xml","17"
"splunk.src.test.java.org.apache.calcite.test.SplunkAdapterTest_java","17"
"core.src.main.java.org.apache.calcite.rel.rules.JoinProjectTransposeRule_java","17"
"core.src.main.java.org.apache.calcite.plan.VisitorDataContext_java","17"
"core.src.main.java.org.apache.calcite.tools.Planner_java","17"
"src.main.config.checkstyle.header_xml_txt","17"
"druid.src.test.java.org.apache.calcite.test.DruidDateRangeRulesTest_java","17"
"core.src.main.java.org.apache.calcite.rel.rules.AggregateFilterTransposeRule_java","16"
"core.src.main.java.org.apache.calcite.rex.RexSqlStandardConvertletTable_java","16"
"mongodb.src.test.java.org.apache.calcite.test.MongoAssertions_java","16"
"cassandra.src.main.java.org.apache.calcite.adapter.cassandra.CassandraSchemaFactory_java","16"
"core.src.main.java.org.apache.calcite.profile.Profiler_java","16"
"core.src.main.java.org.apache.calcite.rel.externalize.RelWriterImpl_java","16"
"linq4j.src.test.java.org.apache.calcite.linq4j.test.CorrelateJoinTest_java","16"
"pig.src.test.java.org.apache.calcite.test.PigAdapterTest_java","16"
"core.src.main.java.org.apache.calcite.sql.type.OperandTypes_java","15"
"core.src.main.java.org.apache.calcite.rex.RexSubQuery_java","15"
"core.src.main.java.org.apache.calcite.adapter.enumerable.EnumerableTableScan_java","15"
"druid.src.main.java.org.apache.calcite.adapter.druid.DruidDateTimeUtils_java","15"
"linq4j.src.main.java.org.apache.calcite.linq4j.tree.FunctionExpression_java","15"
"core.src.test.java.org.apache.calcite.util.PartiallyOrderedSetTest_java","14"
"core.src.main.java.org.apache.calcite.sql.type.SqlTypeFactoryImpl_java","14"
"example.csv.src.main.java.org.apache.calcite.adapter.csv.CsvFilterableTable_java","14"
"core.src.main.java.org.apache.calcite.rex.RexDynamicParam_java","14"
"src.main.config.checkstyle.header_properties_txt","14"
"example.csv.src.main.java.org.apache.calcite.adapter.csv.CsvEnumerator_java","14"
"core.src.main.java.org.apache.calcite.schema.impl.ScalarFunctionImpl_java","14"
"core.src.main.java.org.apache.calcite.sql.type.InferTypes_java","14"
"core.src.main.java.org.apache.calcite.interpreter.AggregateNode_java","13"
"core.src.main.java.org.apache.calcite.rel.rules.FilterCorrelateRule_java","13"
"core.src.main.java.org.apache.calcite.util.javac.JaninoCompiler_java","13"
"core.src.main.java.org.apache.calcite.rel.metadata.JaninoRelMetadataProvider_java","13"
"elasticsearch.src.test.java.org.apache.calcite.adapter.elasticsearch.EmbeddedElasticsearchNode_java","13"
"core.src.main.java.org.apache.calcite.rel.rules.LoptOptimizeJoinRule_java","13"
"druid.src.main.java.org.apache.calcite.adapter.druid.DruidSqlCastConverter_java","13"
"core.src.main.java.org.apache.calcite.rex.RexNode_java","13"
"geode.src.main.java.org.apache.calcite.adapter.geode.rel.GeodeToEnumerableConverter_java","13"
"core.src.main.java.org.apache.calcite.rel.jdbc.package-info_java","13"
"core.src.main.java.org.apache.calcite.adapter.Java9Workaround_java","13"
"core.src.main.java.org.apache.calcite.sql.validate.SqlConformanceEnum_java","13"
"linq4j.src.main.java.org.apache.calcite.linq4j.tree.TryStatement_java","13"
"core.src.main.java.org.apache.calcite.rex.RexRangeRef_java","13"
"core.src.main.java.org.apache.calcite.rex.RexProgramBuilder_java","12"
"linq4j.src.main.java.org.apache.calcite.linq4j.function.Functions_java","12"
"spark.src.test.java.org.apache.calcite.test.SparkAdapterTest_java","12"
"linq4j.src.main.java.org.apache.calcite.linq4j.tree.VisitorImpl_java","12"
"core.src.main.java.org.apache.calcite.sql.SqlWriter_java","12"
"geode.src.main.java.org.apache.calcite.adapter.geode.rel.GeodeSchemaFactory_java","12"
"core.src.main.java.org.apache.calcite.rex.RexExecutorImpl_java","12"
"core.src.main.java.org.apache.calcite.sql.fun.SqlCovarAggFunction_java","12"
"server.src.main.java.org.apache.calcite.sql.ddl.SqlCreateType_java","12"
"core.src.main.java.org.apache.calcite.rel.rules.LoptMultiJoin_java","12"
"core.src.main.java.org.apache.calcite.avatica.DriverVersion_java","12"
"core.src.main.java.org.apache.calcite.plan.RelTraitPropagationVisitor_java","12"
"core.src.main.java.org.apache.calcite.rex.RexCorrelVariable_java","12"
"example.csv.src.main.java.org.apache.calcite.adapter.csv.CsvSchema_java","12"
"core.src.main.java.org.apache.calcite.rel.RelWriter_java","12"
"core.src.main.java.org.apache.calcite.adapter.enumerable.EnumerableLimitRule_java","12"
"core.src.main.java.org.apache.calcite.sql.fun.SqlTimestampAddFunction_java","12"
"core.src.main.java.org.apache.calcite.sql.dialect.MssqlSqlDialect_java","11"
"site._docs.powered_by_md","11"
"core.src.test.java.org.apache.calcite.sql.validate.SqlValidatorUtilTest_java","11"
"elasticsearch.src.main.java.org.apache.calcite.adapter.elasticsearch.ElasticsearchTableScan_java","11"
"geode.src.main.java.org.apache.calcite.adapter.geode.rel.GeodeSort_java","11"
"core.src.main.java.org.apache.calcite.rel.rules.ProjectWindowTransposeRule_java","11"
"core.src.main.java.org.apache.calcite.plan.RelOptCostImpl_java","11"
"core.src.main.java.org.apache.calcite.sql.fun.SqlCastFunction_java","11"
"core.src.main.java.org.apache.calcite.sql.validate.CatalogScope_java","11"
"core.src.main.java.org.apache.calcite.rel.rules.ValuesReduceRule_java","11"
"core.src.main.java.org.apache.calcite.rel.metadata.RelMdColumnOrigins_java","11"
"linq4j.src.main.java.org.apache.calcite.linq4j.tree.ClassDeclarationFinder_java","11"
"core.src.main.java.org.apache.calcite.sql.type.ComparableOperandTypeChecker_java","11"
"core.src.main.java.org.apache.calcite.sql.SqlCharStringLiteral_java","11"
"core.src.main.java.org.apache.calcite.sql.validate.AggFinder_java","11"
"core.src.main.java.org.apache.calcite.rel.rules.MaterializedViewFilterScanRule_java","11"
"README","10"
"core.src.main.java.org.apache.calcite.runtime.CalciteException_java","10"
"core.src.main.java.org.apache.calcite.plan.RelOptRule_java","10"
"linq4j.src.main.java.org.apache.calcite.linq4j.tree.Primitive_java","10"
"core.src.main.java.org.apache.calcite.rel.rules.MultiJoin_java","10"
"metrics-dropwizardmetrics.pom_xml","10"
"splunk.src.main.java.org.apache.calcite.adapter.splunk.search.SplunkConnectionImpl_java","10"
"core.src.main.java.org.apache.calcite.prepare.CalciteCatalogReader_java","10"
"site._docs.index_md","10"
"core.src.main.java.org.apache.calcite.adapter.enumerable.EnumerableCalc_java","10"
"spark.src.main.java.org.apache.calcite.adapter.spark.SparkRules_java","10"
"core.src.main.java.org.apache.calcite.rex.RexVariable_java","10"
"core.src.main.java.org.apache.calcite.util.PartiallyOrderedSet_java","10"
"core.src.main.java.org.apache.calcite.profile.ProfilerImpl_java","10"
"core.src.test.java.org.apache.calcite.test.JdbcFrontJdbcBackTest_java","10"
"mongodb.src.main.java.org.apache.calcite.adapter.mongodb.MongoSchema_java","10"
"core.src.main.java.org.apache.calcite.schema.ColumnStrategy_java","10"
"src.main.config.checkstyle.suppressions_xml","9"
"core.src.main.java.org.apache.calcite.sql.validate.SqlValidatorException_java","9"
"pig.src.test.java.org.apache.calcite.test.PigRelBuilderStyleTest_java","9"
"core.src.main.java.org.apache.calcite.sql.SqlCall_java","9"
"linq4j.src.main.java.org.apache.calcite.linq4j.tree.ExpressionType_java","9"
"core.src.main.java.org.apache.calcite.rel.rules.MultiJoinOptimizeBushyRule_java","9"
"core.src.main.java.org.apache.calcite.rel.rules.JoinAddRedundantSemiJoinRule_java","9"
"core.src.main.java.org.apache.calcite.sql.SqlSelect_java","9"
"site._includes.header_html","9"
"core.src.main.java.org.apache.calcite.sql.SqlUnnestOperator_java","9"
"core.src.test.java.org.apache.calcite.test.UdtTest_java","9"
"core.src.main.java.org.apache.calcite.rel.rules.SemiJoinRemoveRule_java","9"
"core.src.main.java.org.apache.calcite.util.CompositeMap_java","9"
"file.src.test.resources.sales-json.DATE_csv","9"
"geode.src.main.java.org.apache.calcite.adapter.geode.simple.GeodeSimpleSchema_java","9"
"pig.src.test.java.org.apache.calcite.test.AbstractPigTest_java","9"
"core.src.main.java.org.apache.calcite.adapter.enumerable.EnumerableRel_java","9"
"core.src.main.java.org.apache.calcite.rel.logical.LogicalTableFunctionScan_java","9"
"core.src.main.java.org.apache.calcite.rel.rules.JoinToMultiJoinRule_java","8"
"core.src.main.java.org.apache.calcite.sql.fun.SqlFirstLastValueAggFunction_java","8"
"core.src.main.java.org.apache.calcite.plan.RelOptMaterialization_java","8"
"core.src.main.java.org.apache.calcite.sql.fun.SqlSingleValueAggFunction_java","8"
"core.src.main.java.org.apache.calcite.prepare.CalciteMaterializer_java","8"
"core.src.main.java.org.apache.calcite.rex.RexShuttle_java","8"
"core.src.main.java.org.apache.calcite.rel.mutable.MutableAggregate_java","8"
"core.src.main.java.org.apache.calcite.sql.fun.SqlMinMaxAggFunction_java","8"
"core.src.main.java.org.apache.calcite.sql.fun.SqlLeadLagAggFunction_java","8"
"core.src.main.java.org.apache.calcite.sql.util.ListSqlOperatorTable_java","8"
"core.src.main.java.org.apache.calcite.util.XmlOutput_java","8"
"core.src.main.java.org.apache.calcite.sql.SqlLateralOperator_java","8"
"core.src.main.java.org.apache.calcite.rel.mutable.MutableCorrelate_java","8"
"core.src.main.java.org.apache.calcite.rel.rules.JoinPushThroughJoinRule_java","8"
"core.src.main.java.org.apache.calcite.prepare.Prepare_java","8"
"core.src.main.java.org.apache.calcite.sql.validate.TableNamespace_java","8"
"core.src.main.java.org.apache.calcite.util.graph.BreadthFirstIterator_java","8"
"core.src.main.java.org.apache.calcite.rel.rules.ProjectTableScanRule_java","8"
"core.src.main.java.org.apache.calcite.sql2rel.NullInitializerExpressionFactory_java","8"
"geode.src.main.java.org.apache.calcite.adapter.geode.rel.GeodeRel_java","8"
"core.src.main.java.org.apache.calcite.sql.type.SameOperandTypeExceptLastOperandChecker_java","8"
"splunk.src.main.java.org.apache.calcite.adapter.splunk.SplunkPushDownRule_java","8"
"core.src.main.java.org.apache.calcite.util.ImmutableNullableList_java","8"
"metrics-dropwizardmetrics3.pom_xml","8"
"core.src.main.java.org.apache.calcite.sql.type.TableFunctionReturnTypeInference_java","8"
"core.src.test.java.org.apache.calcite.sql.parser.parserextensiontesting.SqlCreateTable_java","8"
"cassandra.src.main.java.org.apache.calcite.adapter.cassandra.CassandraFilter_java","8"
"core.src.main.java.org.apache.calcite.rel.metadata.RelMdSelectivity_java","8"
"core.src.main.java.org.apache.calcite.rex.RexProgram_java","7"
"core.src.main.java.org.apache.calcite.sql.fun.SqlNthValueAggFunction_java","7"
"core.src.main.java.org.apache.calcite.plan.RelOptMaterializations_java","7"
"piglet.src.main.javacc.PigletParser_jj","7"
"core.src.test.java.org.apache.calcite.test.JdbcFrontLinqBackTest_java","7"
"core.src.test.java.org.apache.calcite.test.DiffTestCase_java","7"
"site._sass._style_scss","7"
"core.src.main.java.org.apache.calcite.schema.SchemaPlus_java","7"
"core.src.main.java.org.apache.calcite.sql.validate.SqlUserDefinedAggFunction_java","7"
"linq4j.src.main.java.org.apache.calcite.linq4j.Linq4j_java","7"
"core.src.main.java.org.apache.calcite.plan.volcano.VolcanoCost_java","7"
"core.src.main.java.org.apache.calcite.sql.fun.SqlAvgAggFunction_java","7"
"core.src.main.java.org.apache.calcite.adapter.enumerable.EnumerableCorrelateRule_java","7"
"plus.src.test.java.org.apache.calcite.adapter.tpch.TpchTest_java","7"
"core.src.main.java.org.apache.calcite.schema.Schema_java","7"
"core.src.main.java.org.apache.calcite.rel.metadata.RelMdDistribution_java","7"
"README_md","6"
"core.src.main.java.org.apache.calcite.config.CalciteConnectionConfig_java","6"
"spark.src.main.java.org.apache.calcite.adapter.spark.JdbcToSparkConverter_java","6"
"core.src.test.resources.sql.outer_iq","6"
"cassandra.src.main.java.org.apache.calcite.adapter.cassandra.CassandraToEnumerableConverter_java","6"
"core.src.main.java.org.apache.calcite.sql.fun.SqlLiteralChainOperator_java","6"
"plus.src.main.java.org.apache.calcite.chinook.CalciteConnectionProvider_java","6"
"core.src.main.java.org.apache.calcite.interpreter.Interpreter_java","6"
"core.src.main.java.org.apache.calcite.schema.impl.StarTable_java","6"
"core.src.main.java.org.apache.calcite.rel.core.TableScan_java","6"
"core.src.main.java.org.apache.calcite.util.BarfingInvocationHandler_java","6"
"core.src.main.java.org.apache.calcite.sql.util.ChainedSqlOperatorTable_java","6"
"core.src.main.java.org.apache.calcite.adapter.enumerable.NestedBlockBuilderImpl_java","6"
"core.src.main.java.org.apache.calcite.rel.rules.JoinAssociateRule_java","6"
"core.src.main.java.org.apache.calcite.sql.dialect.HsqldbSqlDialect_java","6"
"core.src.main.java.org.apache.calcite.rel.mutable.MutableJoin_java","6"
"core.src.test.java.org.apache.calcite.test.CoreQuidemTest_java","6"
"core.src.main.java.org.apache.calcite.avatica.remote.AvaticaCommonsHttpClientImpl_java","6"
"site.develop.avatica_md","6"
"core.src.main.java.org.apache.calcite.adapter.jdbc.JdbcTableScan_java","6"
"core.src.main.java.org.apache.calcite.util.graph.DefaultEdge_java","6"
"core.src.main.java.org.apache.calcite.util.graph.TopologicalOrderIterator_java","6"
"site.index_html","6"
"cassandra.src.main.java.org.apache.calcite.adapter.cassandra.CassandraRel_java","6"
"core.src.test.java.org.apache.calcite.test.concurrent.ConcurrentTestCommandGenerator_java","6"
"core.src.main.java.org.apache.calcite.sql.fun.SqlMonotonicBinaryOperator_java","6"
"core.src.main.java.org.apache.calcite.util.javac.JavaCompilerArgs_java","6"
"core.src.main.java.org.apache.calcite.rel.core.Uncollect_java","6"
"core.src.main.java.org.apache.calcite.sql.SqlOperatorTable_java","6"
"core.src.main.java.org.apache.calcite.sql.dialect.RedshiftSqlDialect_java","6"
"core.src.main.java.org.apache.calcite.adapter.enumerable.BasicAggregateLambdaFactory_java","6"
"core.src.main.java.org.apache.calcite.sql.SqlOverOperator_java","6"
"linq4j.src.main.java.org.apache.calcite.linq4j.QueryableDefaults_java","6"
"core.src.main.java.org.apache.calcite.plan.hep.HepProgramBuilder_java","5"
"mongodb.src.main.java.org.apache.calcite.adapter.mongodb.MongoRules_java","5"
"linq4j.src.main.java.org.apache.calcite.linq4j.tree.Evaluator_java","5"
"core.src.main.java.org.apache.calcite.rel.core.TableFunctionScan_java","5"
"core.src.main.java.org.apache.calcite.rex.RexToSqlNodeConverterImpl_java","5"
"core.src.main.java.org.apache.calcite.rel.rules.ProjectCorrelateTransposeRule_java","5"
"core.src.main.java.org.apache.calcite.interpreter.Nodes_java","5"
"core.src.main.java.org.apache.calcite.rex.RexTransformer_java","5"
"core.src.test.java.org.apache.calcite.sql.parser.parserextensiontesting.ExtensionSqlParserTest_java","5"
"spark.src.main.java.org.apache.calcite.adapter.spark.SparkToEnumerableConverter_java","5"
"core.src.test.resources.log4j_properties","5"
"core.src.main.java.org.apache.calcite.rel.mutable.MutableFilter_java","5"
"geode.src.main.java.org.apache.calcite.adapter.geode.rel.GeodeProject_java","5"
"core.src.main.java.org.apache.calcite.plan.RelOptPlanner_java","5"
"core.src.main.java.org.apache.calcite.sql.validate.SqlValidatorTable_java","5"
"_gitignore","4"
"sqlline","4"
"plus.src.main.java.org.apache.calcite.adapter.os.SqlShell_java","4"
"core.src.main.java.org.apache.calcite.plan.RelOptCluster_java","4"
"plus.src.test.java.org.apache.calcite.test.PlusSuite_java","4"
"core.src.main.java.org.apache.calcite.util.SaffronProperties_java","4"
"core.src.main.java.org.apache.calcite.sql.fun.SqlSumEmptyIsZeroAggFunction_java","4"
"core.src.main.java.org.apache.calcite.sql.validate.SqlAbstractConformance_java","4"
"splunk.src.main.java.org.apache.calcite.adapter.splunk.SplunkTable_java","4"
"core.src.test.java.org.apache.calcite.sql.parser.SqlUnParserTest_java","4"
"site._includes.news_item_html","4"
"core.src.main.java.org.apache.calcite.sql.fun.SqlHistogramAggFunction_java","4"
"core.src.main.java.org.apache.calcite.adapter.enumerable.EnumerableValues_java","4"
"core.src.main.java.org.apache.calcite.runtime.SortedMultiMap_java","4"
"core.src.main.java.org.apache.calcite.rel.core.Filter_java","4"
"core.src.main.java.org.apache.calcite.rel.rules.TableScanRule_java","4"
"linq4j.src.main.java.org.apache.calcite.linq4j.QueryProviderImpl_java","4"
"plus.src.main.java.org.apache.calcite.chinook.ConnectionFactory_java","4"
"linq4j.src.main.java.org.apache.calcite.linq4j.LookupImpl_java","4"
"core.src.main.java.org.apache.calcite.plan.RelOptListener_java","4"
"site._docs.geode_adapter_md","4"
"mongodb.src.main.java.org.apache.calcite.adapter.mongodb.MongoToEnumerableConverter_java","4"
"core.src.main.java.org.apache.calcite.sql.dialect.VerticaSqlDialect_java","4"
"core.src.main.java.org.apache.calcite.sql.SqlWindow_java","4"
"core.src.main.java.org.apache.calcite.model.JsonSchema_java","4"
"server.src.test.resources.sql.schema_iq","4"
"core.src.main.java.org.apache.calcite.plan.RelOptNode_java","4"
"core.src.main.java.org.apache.calcite.sql.SqlPostfixOperator_java","4"
"core.src.main.java.org.apache.calcite.runtime.Hook_java","4"
"core.src.main.java.org.apache.calcite.util.DelegatingInvocationHandler_java","4"
"core.src.main.java.org.apache.calcite.plan.TableAccessMap_java","4"
"linq4j.src.main.java.org.apache.calcite.linq4j.tree.OptimizeShuttle_java","4"
"core.src.main.java.org.apache.calcite.sql.fun.SqlSumAggFunction_java","4"
"core.src.main.java.org.apache.calcite.sql.validate.AliasNamespace_java","4"
"druid.src.main.java.org.apache.calcite.adapter.druid.DruidSchema_java","4"
"core.src.main.java.org.apache.calcite.sql.fun.SqlAnyValueAggFunction_java","4"
"core.src.main.java.org.apache.calcite.plan.AbstractRelOptPlanner_java","4"
"server.src.main.java.org.apache.calcite.avatica.server.PropertyBasedSpnegoLoginService_java","4"
"core.src.main.java.org.apache.calcite.sql.SqlPrefixOperator_java","4"
"site._docs.tutorial_md","4"
"core.src.main.java.org.apache.calcite.rel.mutable.MutableMultiRel_java","4"
"splunk.src.main.java.org.apache.calcite.adapter.splunk.util.StringUtils_java","4"
"metrics-dropwizardmetrics3.src.test.java.org.apache.calcite.avatica.metrics.dropwizard3.DropwizardTimerTest_java","4"
"core.src.main.java.org.apache.calcite.rel.type.RelDataTypeSystemImpl_java","4"
"core.src.main.java.org.apache.calcite.sql2rel.SqlNodeToRexConverterImpl_java","4"
"core.src.main.java.org.apache.calcite.util.JsonBuilder_java","4"
"mongodb.src.main.java.org.apache.calcite.adapter.mongodb.MongoFilter_java","4"
"splunk.src.main.java.org.apache.calcite.adapter.splunk.SplunkTableScan_java","4"
"piglet.src.test.resources.log4j_properties","4"
"core.src.main.java.org.apache.calcite.sql.SqlLiteral_java","4"
"linq4j.src.main.java.org.apache.calcite.linq4j.EnumerableQueryable_java","4"
"metrics-dropwizardmetrics.src.test.java.org.apache.calcite.avatica.metrics.dropwizard.DropwizardTimerTest_java","4"
"core.src.test.java.org.apache.calcite.test.JdbcFrontJdbcBackLinqMiddleTest_java","4"
"core.src.main.java.org.apache.calcite.sql.fun.SqlNtileAggFunction_java","4"
"core.src.test.resources.sql.spatial_iq","3"
"site.doap_calcite_rdf","3"
"docker.src.main.dockerhub.Dockerfile_hypersql","3"
"core.src.main.java.org.apache.calcite.adapter.enumerable.EnumerableAggregateRule_java","3"
"core.src.test.java.org.apache.calcite.test.concurrent.ConcurrentTestCommandScript_java","3"
"core.src.main.java.org.apache.calcite.rel.rules.AggregateProjectPullUpConstantsRule_java","3"
"file.src.main.java.org.apache.calcite.adapter.file.FileReader_java","3"
"server.src.test.java.org.apache.calcite.avatica.AvaticaSpnegoTest_java","3"
"core.src.main.java.org.apache.calcite.rel.rules.AggregateValuesRule_java","3"
"pig.src.main.java.org.apache.calcite.adapter.pig.PigJoin_java","3"
"core.src.main.java.org.apache.calcite.plan.RelTraitSet_java","3"
"druid.src.test.java.org.apache.calcite.adapter.druid.DruidQueryFilterTest_java","3"
"linq4j.src.test.java.org.apache.calcite.linq4j.test.Linq4jSuite_java","3"
"core.src.main.java.org.apache.calcite.plan.RelImplementor_java","3"
"core.src.main.java.org.apache.calcite.sql.type.AbstractSqlType_java","3"
"core.src.main.java.org.apache.calcite.rel.RelNode_java","3"
"core.src.main.java.org.apache.calcite.sql.SqlDynamicParam_java","3"
"core.src.main.java.org.apache.calcite.prepare.QueryableRelBuilder_java","3"
"tck.src.main.java.org.apache.calcite.avatica.tck.TestRunner_java","3"
"core.src.main.java.org.apache.calcite.interpreter.TableScanNode_java","3"
"core.src.main.java.org.apache.calcite.sql.fun.SqlAbstractGroupFunction_java","3"
"src.main.config.forbidden-apis.signatures_txt","3"
"core.src.main.java.org.apache.calcite.sql.SqlRankFunction_java","3"
"standalone-server.src.main.java.org.apache.calcite.avatica.standalone.StandaloneServer_java","3"
"geode.src.test.resources.book_customer_json","3"
"docker.src.main.dockerhub.Dockerfile","3"
"core.src.main.java.org.apache.calcite.adapter.enumerable.EnumerableTableFunctionScan_java","3"
"geode.src.test.resources.book_master_json","3"
"core.src.main.java.org.apache.calcite.rel.metadata.RelMetadataQuery_java","3"
"spark.src.main.java.org.apache.calcite.adapter.spark.SparkMethod_java","3"
"core.src.main.java.org.apache.calcite.rel.rules.CalcMergeRule_java","3"
"core.src.main.java.org.apache.calcite.rel.logical.LogicalWindow_java","3"
"core.src.main.java.org.apache.calcite.sql.SqlJdbcDataTypeName_java","3"
"mongodb.src.main.java.org.apache.calcite.adapter.mongodb.MongoRel_java","3"
"core.src.main.java.org.apache.calcite.sql.fun.SqlBaseContextVariable_java","3"
"core.src.test.java.org.apache.calcite.test.SqlToRelConverterExtendedTest_java","3"
"core.src.main.java.org.apache.calcite.rel.mutable.MutableRelType_java","2"
"druid.src.main.java.org.apache.calcite.adapter.druid.TimeExtractionFunction_java","2"
"core.src.main.java.org.apache.calcite.util.CompositeList_java","2"
"docker.src.main.dockerhub-hypersql.Dockerfile","2"
"core.src.main.java.org.apache.calcite.adapter.enumerable.NullPolicy_java","2"
"metrics-dropwizardmetrics.src.main.java.org.apache.calcite.avatica.metrics.dropwizard.DropwizardCounter_java","2"
"core.src.main.java.org.apache.calcite.rel.logical.LogicalFilter_java","2"
"metrics-dropwizardmetrics.src.test.java.org.apache.calcite.avatica.metrics.dropwizard.DropwizardHistogramTest_java","2"
"metrics-dropwizardmetrics.src.main.java.org.apache.calcite.avatica.metrics.dropwizard.DropwizardMetricsSystemConfiguration_java","2"
"core.src.main.java.org.apache.calcite.util.graph.Graphs_java","2"
"core.src.main.java.org.apache.calcite.runtime.HttpUtils_java","2"
"metrics-dropwizardmetrics3.src.test.java.org.apache.calcite.avatica.metrics.dropwizard3.DropwizardMeterTest_java","2"
"mongodb.src.main.java.org.apache.calcite.adapter.mongodb.MongoProject_java","2"
"file.src.main.java.org.apache.calcite.adapter.file.FileFieldType_java","2"
"metrics-dropwizardmetrics3.src.main.java.org.apache.calcite.avatica.metrics.dropwizard3.DropwizardMeter_java","2"
"metrics-dropwizardmetrics3.src.test.java.org.apache.calcite.avatica.metrics.dropwizard3.DropwizardMetricsSystemTest_java","2"
"linq4j.src.main.java.org.apache.calcite.linq4j.tree.MethodCallExpression_java","2"
"example.csv.src.main.java.org.apache.calcite.adapter.csv.CsvFieldType_java","2"
"metrics-dropwizardmetrics3.src.main.java.org.apache.calcite.avatica.metrics.dropwizard3.DropwizardGauge_java","2"
"core.src.main.java.org.apache.calcite.plan.hep.HepInstruction_java","2"
"core.src.main.java.org.apache.calcite.rel.rules.IntersectToDistinctRule_java","2"
"core.src.test.java.org.apache.calcite.test.SqlValidatorMatchTest_java","2"
"metrics-dropwizardmetrics3.src.main.java.org.apache.calcite.avatica.metrics.dropwizard3.DropwizardTimer_java","2"
"geode.src.main.java.org.apache.calcite.adapter.geode.rel.GeodeTableScan_java","2"
"metrics-dropwizardmetrics3.src.main.java.org.apache.calcite.avatica.metrics.dropwizard3.DropwizardMetricsSystemFactory_java","2"
"metrics-dropwizardmetrics.src.main.java.org.apache.calcite.avatica.metrics.dropwizard.DropwizardHistogram_java","2"
"core.src.main.java.org.apache.calcite.rel.core.SetOp_java","2"
"core.src.main.java.org.apache.calcite.rel.RelInput_java","2"
"core.src.main.java.org.apache.calcite.rel.externalize.RelXmlWriter_java","2"
"core.src.main.java.org.apache.calcite.plan.RelOptPredicateList_java","2"
"core.src.main.java.org.apache.calcite.plan.RelOptRuleCall_java","2"
"standalone-server.pom_xml","2"
"core.src.main.java.org.apache.calcite.sql.validate.SqlNameMatchers_java","2"
"core.src.main.java.org.apache.calcite.util.Holder_java","2"
"core.src.main.java.org.apache.calcite.rex.LogicVisitor_java","2"
"core.src.main.java.org.apache.calcite.sql.type.SameOperandTypeChecker_java","2"
"core.src.main.java.org.apache.calcite.Demo_java","2"
"metrics-dropwizardmetrics3.src.test.java.org.apache.calcite.avatica.metrics.dropwizard3.DropwizardCounterTest_java","2"
"metrics-dropwizardmetrics.src.main.java.org.apache.calcite.avatica.metrics.dropwizard.package-info_java","2"
"core.src.main.java.org.apache.calcite.rel.mutable.MutableTableFunctionScan_java","2"
"cassandra.src.main.java.org.apache.calcite.adapter.cassandra.CassandraProject_java","2"
"metrics-dropwizardmetrics3.src.main.java.org.apache.calcite.avatica.metrics.dropwizard3.DropwizardCounter_java","2"
"core.src.main.java.org.apache.calcite.util.graph.CycleDetector_java","2"
"core.src.main.java.org.apache.calcite.rel.core.Exchange_java","2"
"core.src.test.java.org.apache.calcite.test.ScannableTableTest_java","2"
"core.src.main.java.org.apache.calcite.rex.RexSqlReflectiveConvertletTable_java","2"
"druid.src.test.resources.druid-wiki-model_json","2"
"druid.src.test.resources.druid-wiki-no-columns-model_json","2"
"plus.src.main.java.org.apache.calcite.adapter.os.VmstatTableFunction_java","2"
"core.src.main.java.org.apache.calcite.adapter.enumerable.EnumerableTableModify_java","2"
"metrics-dropwizardmetrics3.src.main.java.org.apache.calcite.avatica.metrics.dropwizard3.package-info_java","2"
"core.src.main.java.org.apache.calcite.util.graph.DepthFirstIterator_java","2"
"core.src.main.java.org.apache.calcite.rel.rules.JoinUnionTransposeRule_java","2"
"core.src.main.java.org.apache.calcite.sql.fun.SqlPositionFunction_java","2"
"core.src.main.java.org.apache.calcite.sql.type.SqlTypeTransforms_java","2"
"core.src.test.java.org.apache.calcite.test.ExceptionMessageTest_java","2"
"core.src.main.java.org.apache.calcite.util.Benchmark_java","2"
"NOTICE","2"
"core.src.main.java.org.apache.calcite.plan.hep.HepProgram_java","2"
"noop-driver.pom_xml","2"
"server.src.test.resources.sql.table_iq","2"
"core.src.main.java.org.apache.calcite.plan.RelOptLattice_java","2"
"server.src.main.java.org.apache.calcite.sql.ddl.SqlAttributeDefinition_java","2"
"core.src.main.java.org.apache.calcite.adapter.jdbc.JdbcToEnumerableConverterRule_java","2"
"metrics-dropwizardmetrics3.src.main.java.org.apache.calcite.avatica.metrics.dropwizard3.DropwizardHistogram_java","2"
"splunk.src.main.java.org.apache.calcite.adapter.splunk.SplunkQuery_java","2"
"core.src.test.java.org.apache.calcite.adapter.clone.ArrayTableTest_java","2"
"core.src.main.java.org.apache.calcite.rel.stream.StreamRules_java","2"
"metrics-dropwizardmetrics.src.test.java.org.apache.calcite.avatica.metrics.dropwizard.DropwizardGaugeTest_java","2"
"sqlline_bat","2"
"metrics-dropwizardmetrics3.src.main.java.org.apache.calcite.avatica.metrics.dropwizard3.DropwizardMetricsSystemConfiguration_java","2"
"core.src.main.java.org.apache.calcite.sql.parser.SqlParseException_java","2"
"metrics-dropwizardmetrics3.src.test.java.org.apache.calcite.avatica.metrics.dropwizard3.DropwizardGaugeTest_java","2"
"pig.src.main.java.org.apache.calcite.adapter.pig.PigRules_java","2"
"core.src.main.java.org.apache.calcite.util.ReflectUtil_java","2"
"core.src.main.java.org.apache.calcite.plan.hep.HepRuleCall_java","2"
"core.src.main.java.org.apache.calcite.avatica.AvaticaConnection_java","2"
"site.docker-compose_yml","2"
"linq4j.src.main.java.org.apache.calcite.linq4j.tree.ConstantExpression_java","2"
"cassandra.src.main.java.org.apache.calcite.adapter.cassandra.CassandraRules_java","2"
"metrics-dropwizardmetrics.src.test.java.org.apache.calcite.avatica.metrics.dropwizard.DropwizardMetricsSystemFactoryTest_java","2"
"metrics-dropwizardmetrics3.src.main.resources.META-INF.services.org_apache_calcite_avatica_metrics_MetricsSystemFactory","2"
"shaded.core.pom_xml","2"
"metrics-dropwizardmetrics.src.main.java.org.apache.calcite.avatica.metrics.dropwizard.DropwizardTimer_java","2"
"metrics-dropwizardmetrics3.src.test.java.org.apache.calcite.avatica.metrics.dropwizard3.DropwizardMetricsSystemFactoryTest_java","2"
"site._posts.2017-03-31-new-avatica-repository_md","2"
"cassandra.src.main.java.org.apache.calcite.adapter.cassandra.CassandraSort_java","2"
"core.src.main.java.org.apache.calcite.rel.rules.JoinPushExpressionsRule_java","2"
"core.src.main.java.org.apache.calcite.sql.SqlBasicCall_java","2"
"src.main.config.assemblies.source-assembly_xml","2"
"core.src.main.java.org.apache.calcite.avatica.util.DateTimeUtils_java","2"
"druid.src.main.java.org.apache.calcite.adapter.druid.DruidTableFactory_java","2"
"linq4j.src.main.java.org.apache.calcite.linq4j.Ord_java","2"
"core.src.main.java.org.apache.calcite.plan.MulticastRelOptListener_java","2"
"tck.pom_xml","2"
"metrics-dropwizardmetrics.src.test.java.org.apache.calcite.avatica.metrics.dropwizard.DropwizardMeterTest_java","2"
"core.src.main.java.org.apache.calcite.rel.type.RelDataTypeImpl_java","2"
"core.src.main.java.org.apache.calcite.rel.rules.FilterTableFunctionTransposeRule_java","2"
"metrics-dropwizardmetrics.src.main.java.org.apache.calcite.avatica.metrics.dropwizard.DropwizardMetricsSystemFactory_java","2"
"mongodb.src.main.java.org.apache.calcite.adapter.mongodb.MongoSort_java","2"
"metrics-dropwizardmetrics3.src.main.java.org.apache.calcite.avatica.metrics.dropwizard3.DropwizardMetricsSystem_java","2"
"linq4j.src.main.java.org.apache.calcite.linq4j.AbstractEnumerable2_java","2"
"core.src.main.java.org.apache.calcite.sql2rel.AuxiliaryConverter_java","2"
"core.src.main.java.org.apache.calcite.util.UnmodifiableArrayList_java","2"
"metrics-dropwizardmetrics.src.main.java.org.apache.calcite.avatica.metrics.dropwizard.DropwizardGauge_java","2"
"metrics-dropwizardmetrics3.src.test.java.org.apache.calcite.avatica.metrics.dropwizard3.DropwizardHistogramTest_java","2"
"metrics-dropwizardmetrics.src.main.java.org.apache.calcite.avatica.metrics.dropwizard.DropwizardMetricsSystem_java","2"
"core.src.test.java.org.apache.calcite.sql.validate.LexCaseSensitiveTest_java","2"
"metrics-dropwizardmetrics.src.test.java.org.apache.calcite.avatica.metrics.dropwizard.DropwizardMetricsSystemTest_java","2"
"metrics-dropwizardmetrics.src.main.resources.META-INF.services.org_apache_calcite_avatica_metrics_MetricsSystemFactory","2"
"metrics.pom_xml","2"
"metrics-dropwizardmetrics.src.main.java.org.apache.calcite.avatica.metrics.dropwizard.DropwizardMeter_java","2"
"metrics-dropwizardmetrics.src.test.java.org.apache.calcite.avatica.metrics.dropwizard.DropwizardCounterTest_java","2"
"pig.src.main.java.org.apache.calcite.adapter.pig.PigTableScan_java","2"
"druid.src.main.java.org.apache.calcite.adapter.druid.DruidTable_java","2"
"core.src.main.java.org.apache.calcite.sql.util.SqlShuttle_java","2"
"core.src.main.java.org.apache.calcite.plan.RelOptQuery_java","2"
"core.src.main.java.org.apache.calcite.sql.type.AssignableOperandTypeChecker_java","1"
"core.src.main.java.org.apache.calcite.rel.core.Calc_java","1"
"druid.src.main.java.org.apache.calcite.adapter.druid.FloorOperatorConversion_java","1"
"plus.src.main.java.org.apache.calcite.adapter.tpcds.TpcdsSchema_java","1"
"file.src.test.java.org.apache.calcite.adapter.file.FileSuite_java","1"
"server.src.main.java.org.apache.calcite.sql.ddl.SqlDropObject_java","1"
"elasticsearch.src.test.resources.log4j2_xml","1"
"core.src.main.java.org.apache.calcite.rex.RexAction_java","1"
"core.src.main.java.org.apache.calcite.util.Static_java","1"
"cassandra.src.test.resources.model_json","1"
"core.src.main.java.org.apache.calcite.adapter.enumerable.AggImpState_java","1"
"druid.src.main.java.org.apache.calcite.adapter.druid.NaryOperatorConverter_java","1"
"core.src.main.java.org.apache.calcite.util.Permutation_java","1"
"core.src.main.java.org.apache.calcite.jdbc.CalcitePrepare_java","1"
"druid.src.main.java.org.apache.calcite.adapter.druid.CeilOperatorConversion_java","1"
"core.src.main.java.org.apache.calcite.sql.type.JavaToSqlTypeConversionRules_java","1"
"core.src.test.java.org.apache.calcite.test.SqlLineTest_java","1"
"core.src.main.java.org.apache.calcite.prepare.CalciteSqlValidator_java","1"
"core.src.main.java.org.apache.calcite.rex.RexPattern_java","1"
"linq4j.src.main.java.org.apache.calcite.linq4j.tree.Visitor_java","1"
"druid.src.main.java.org.apache.calcite.adapter.druid.ExtractionDimensionSpec_java","1"
"site._data.docs_yml","1"
"src.main.config.checkstyle.header_txt","0"
"src.main.config.checkstyle.header_java_txt","0"
"src.main.config.spotbugs.spotbugs-filter_xml","0"
