"FileName","ChangeFreq"
"pom_xml","78"
"core.src.test.resources.org.apache.calcite.test.RelOptRulesTest_xml","69"
"core.src.test.java.org.apache.calcite.test.RelOptRulesTest_java","62"
"core.src.test.java.org.apache.calcite.test.RexProgramTest_java","52"
"site._docs.reference_md","47"
"core.src.test.java.org.apache.calcite.rel.rel2sql.RelToSqlConverterTest_java","44"
"core.src.test.java.org.apache.calcite.sql.test.SqlOperatorBaseTest_java","44"
"core.src.main.java.org.apache.calcite.rex.RexSimplify_java","42"
"core.src.test.resources.org.apache.calcite.test.SqlToRelConverterTest_xml","41"
"core.src.test.java.org.apache.calcite.sql.parser.SqlParserTest_java","40"
"core.src.main.java.org.apache.calcite.tools.RelBuilder_java","40"
"core.src.main.java.org.apache.calcite.adapter.enumerable.RexImpTable_java","40"
"core.src.main.java.org.apache.calcite.util.BuiltInMethod_java","39"
"core.src.main.codegen.templates.Parser_jj","39"
"core.src.test.java.org.apache.calcite.test.JdbcTest_java","38"
"core.src.test.java.org.apache.calcite.test.SqlValidatorTest_java","38"
"core.src.test.java.org.apache.calcite.test.SqlToRelConverterTest_java","36"
"core.src.main.java.org.apache.calcite.runtime.SqlFunctions_java","34"
"core.src.test.java.org.apache.calcite.test.RelBuilderTest_java","32"
"core.src.main.java.org.apache.calcite.sql.fun.SqlStdOperatorTable_java","29"
"core.src.test.resources.sql.sub-query_iq","25"
"core.src.main.java.org.apache.calcite.sql2rel.SqlToRelConverter_java","23"
"core.src.main.java.org.apache.calcite.plan.RelOptUtil_java","22"
"core.src.test.java.org.apache.calcite.test.CalciteSuite_java","20"
"core.pom_xml","19"
"core.src.test.java.org.apache.calcite.sql.test.SqlAdvisorTest_java","19"
"site._docs.howto_md","18"
"site._docs.history_md","18"
"core.src.test.java.org.apache.calcite.test.MaterializationTest_java","18"
"core.src.test.java.org.apache.calcite.test.RelMetadataTest_java","17"
"core.src.main.resources.org.apache.calcite.runtime.CalciteResource_properties","17"
"core.src.main.java.org.apache.calcite.runtime.CalciteResource_java","17"
"core.src.main.java.org.apache.calcite.rel.rules.AbstractMaterializedViewRule_java","17"
"core.src.main.java.org.apache.calcite.sql.validate.SqlValidatorImpl_java","16"
"core.src.main.java.org.apache.calcite.sql.SqlKind_java","15"
"elasticsearch.src.test.java.org.apache.calcite.adapter.elasticsearch.ElasticSearchAdapterTest_java","15"
"core.src.main.java.org.apache.calcite.rel.rel2sql.SqlImplementor_java","15"
"core.src.test.resources.sql.agg_iq","14"
"core.src.main.java.org.apache.calcite.plan.volcano.VolcanoPlanner_java","14"
"core.src.main.java.org.apache.calcite.sql.fun.SqlLibraryOperators_java","14"
"core.src.main.codegen.config_fmpp","14"
"core.src.test.java.org.apache.calcite.test.CalciteAssert_java","14"
"server.src.main.codegen.config_fmpp","13"
"core.src.main.java.org.apache.calcite.plan.SubstitutionVisitor_java","13"
"babel.src.main.codegen.config_fmpp","13"
"core.src.main.java.org.apache.calcite.rel.core.RelFactories_java","13"
"piglet.pom_xml","13"
"core.src.test.java.org.apache.calcite.tools.PlannerTest_java","13"
"core.src.main.java.org.apache.calcite.sql2rel.StandardConvertletTable_java","13"
"site._docs.algebra_md","13"
"core.src.main.java.org.apache.calcite.rel.rules.SubQueryRemoveRule_java","13"
"_travis_yml","12"
"core.src.main.java.org.apache.calcite.sql.SqlDialect_java","12"
"core.src.main.java.org.apache.calcite.rel.metadata.RelMdCollation_java","12"
"core.src.test.codegen.config_fmpp","12"
"elasticsearch.pom_xml","12"
"core.src.test.resources.sql.misc_iq","12"
"core.src.main.java.org.apache.calcite.sql2rel.RelDecorrelator_java","11"
"linq4j.src.main.java.org.apache.calcite.linq4j.EnumerableDefaults_java","11"
"druid.src.test.java.org.apache.calcite.test.DruidAdapterIT_java","11"
"core.src.test.java.org.apache.calcite.test.SqlJsonFunctionsTest_java","11"
"server.pom_xml","11"
"site._data.contributors_yml","10"
"cassandra.src.test.java.org.apache.calcite.test.CassandraAdapterTest_java","10"
"core.src.test.java.org.apache.calcite.util.UtilTest_java","10"
"geode.pom_xml","10"
"cassandra.pom_xml","10"
"ubenchmark.pom_xml","10"
"core.src.main.java.org.apache.calcite.rel.rel2sql.RelToSqlConverter_java","10"
"core.src.main.java.org.apache.calcite.rel.rules.ReduceExpressionsRule_java","10"
"elasticsearch.src.main.java.org.apache.calcite.adapter.elasticsearch.ElasticsearchTable_java","10"
"example.csv.pom_xml","10"
"mongodb.pom_xml","10"
"plus.pom_xml","10"
"druid.src.test.java.org.apache.calcite.test.DruidAdapterIT2_java","9"
"spark.pom_xml","9"
"druid.pom_xml","9"
"linq4j.pom_xml","9"
"example.csv.src.test.java.org.apache.calcite.test.CsvTest_java","9"
"core.src.main.java.org.apache.calcite.prepare.CalcitePrepareImpl_java","9"
"elasticsearch.src.main.java.org.apache.calcite.adapter.elasticsearch.ElasticsearchJson_java","9"
"core.src.main.java.org.apache.calcite.tools.Programs_java","9"
"babel.pom_xml","9"
"core.src.main.java.org.apache.calcite.rex.RexUtil_java","9"
"core.src.test.java.org.apache.calcite.plan.RelWriterTest_java","9"
"core.src.test.java.org.apache.calcite.test.fuzzer.RexProgramFuzzyTest_java","9"
"pig.pom_xml","9"
"core.src.test.java.org.apache.calcite.test.RexProgramBuilderBase_java","8"
"core.src.main.java.org.apache.calcite.adapter.enumerable.EnumerableRules_java","8"
"splunk.pom_xml","8"
"example.pom_xml","8"
"example.function.pom_xml","8"
"site._docs.adapter_md","8"
"core.src.main.java.org.apache.calcite.rex.RexBuilder_java","8"
"core.src.main.java.org.apache.calcite.sql.type.ReturnTypes_java","8"
"core.src.main.java.org.apache.calcite.util.Util_java","8"
"elasticsearch.src.main.java.org.apache.calcite.adapter.elasticsearch.ElasticsearchProject_java","8"
"file.pom_xml","8"
"mongodb.src.test.java.org.apache.calcite.adapter.mongodb.MongoAdapterTest_java","7"
"core.src.test.java.org.apache.calcite.test.QuidemTest_java","7"
"core.src.test.java.org.apache.calcite.sql.test.SqlTestFactory_java","7"
"elasticsearch.src.test.java.org.apache.calcite.adapter.elasticsearch.AggregationTest_java","7"
"babel.src.test.java.org.apache.calcite.test.BabelParserTest_java","7"
"core.src.main.java.org.apache.calcite.rel.metadata.RelMdUtil_java","7"
"core.src.test.resources.sql.some_iq","7"
"core.src.main.java.org.apache.calcite.rel.mutable.MutableRels_java","7"
"core.src.main.java.org.apache.calcite.adapter.enumerable.EnumerableAggregate_java","7"
"core.src.main.java.org.apache.calcite.sql.validate.SqlValidatorUtil_java","7"
"core.src.test.java.org.apache.calcite.test.StreamTest_java","7"
"core.src.main.java.org.apache.calcite.sql2rel.RelStructuredTypeFlattener_java","7"
"core.src.test.java.org.apache.calcite.test.enumerable.EnumerableCorrelateTest_java","7"
"release_sh","7"
"core.src.main.java.org.apache.calcite.sql.fun.SqlJsonArrayAggAggFunction_java","7"
"core.src.main.java.org.apache.calcite.sql.advise.SqlSimpleParser_java","7"
"core.src.main.java.org.apache.calcite.adapter.enumerable.RexToLixTranslator_java","7"
"core.src.test.java.org.apache.calcite.materialize.LatticeSuggesterTest_java","7"
"core.src.main.java.org.apache.calcite.rel.core.AggregateCall_java","7"
"site.develop.index_md","7"
"core.src.main.java.org.apache.calcite.util.Bug_java","7"
"linq4j.src.test.java.org.apache.calcite.linq4j.test.JoinPreserveOrderTest_java","6"
"core.src.main.java.org.apache.calcite.adapter.jdbc.JdbcRules_java","6"
"core.src.main.java.org.apache.calcite.rel.rules.FilterJoinRule_java","6"
"core.src.main.java.org.apache.calcite.rel.externalize.RelJsonReader_java","6"
"core.src.test.java.org.apache.calcite.test.JdbcAdapterTest_java","6"
"core.src.main.java.org.apache.calcite.sql2rel.RelFieldTrimmer_java","6"
"elasticsearch.src.test.java.org.apache.calcite.adapter.elasticsearch.Projection2Test_java","6"
"core.src.main.java.org.apache.calcite.plan.volcano.RuleQueue_java","6"
"core.src.main.java.org.apache.calcite.rel.rules.AggregateExpandDistinctAggregatesRule_java","6"
"geode.src.test.java.org.apache.calcite.adapter.geode.rel.GeodeAllDataTypesTest_java","6"
"kafka.pom_xml","6"
"core.src.main.java.org.apache.calcite.rel.rules.AggregateReduceFunctionsRule_java","6"
"core.src.test.java.org.apache.calcite.test.HepPlannerTest_java","6"
"core.src.main.java.org.apache.calcite.rel.rules.AggregateStarTableRule_java","6"
"core.src.main.java.org.apache.calcite.adapter.enumerable.EnumerableHashJoin_java","6"
"core.src.main.java.org.apache.calcite.sql.fun.SqlJsonApiCommonSyntaxOperator_java","6"
"core.src.main.java.org.apache.calcite.adapter.enumerable.EnumUtils_java","6"
"core.src.test.java.org.apache.calcite.test.LatticeTest_java","6"
"core.src.main.java.org.apache.calcite.sql.SqlDataTypeSpec_java","6"
"core.src.main.java.org.apache.calcite.config.CalciteSystemProperty_java","6"
"core.src.test.java.org.apache.calcite.test.SqlFunctionsTest_java","6"
"core.src.main.java.org.apache.calcite.rel.externalize.RelJson_java","6"
"core.src.main.java.org.apache.calcite.adapter.enumerable.EnumerableCorrelate_java","6"
"core.src.main.java.org.apache.calcite.rel.type.RelDataTypeFactoryImpl_java","6"
"geode.src.main.java.org.apache.calcite.adapter.geode.rel.GeodeFilter_java","6"
"core.src.test.java.org.apache.calcite.test.SqlToRelTestBase_java","6"
"core.src.main.java.org.apache.calcite.adapter.enumerable.EnumerableRelImplementor_java","6"
"core.src.main.java.org.apache.calcite.sql.dialect.MysqlSqlDialect_java","6"
"core.src.main.java.org.apache.calcite.materialize.Lattice_java","6"
"core.src.main.java.org.apache.calcite.sql.SqlUtil_java","6"
"elasticsearch.src.main.java.org.apache.calcite.adapter.elasticsearch.ElasticsearchEnumerators_java","6"
"elasticsearch.src.main.java.org.apache.calcite.adapter.elasticsearch.ElasticsearchRules_java","6"
"core.src.main.java.org.apache.calcite.rel.rules.AggregateJoinTransposeRule_java","6"
"core.src.main.java.org.apache.calcite.adapter.enumerable.EnumerableSemiJoin_java","6"
"core.src.main.java.org.apache.calcite.sql.fun.SqlJsonObjectAggAggFunction_java","6"
"core.src.main.java.org.apache.calcite.sql.SqlDialectFactoryImpl_java","5"
"core.src.main.java.org.apache.calcite.rel.metadata.RelMdSize_java","5"
"core.src.main.java.org.apache.calcite.prepare.PlannerImpl_java","5"
"core.src.main.java.org.apache.calcite.rel.core.Match_java","5"
"core.src.test.java.org.apache.calcite.runtime.EnumerablesTest_java","5"
"core.src.main.java.org.apache.calcite.rel.rules.PushProjector_java","5"
"core.src.main.java.org.apache.calcite.rex.RexCall_java","5"
"core.src.main.java.org.apache.calcite.rel.logical.LogicalCorrelate_java","5"
"core.src.main.java.org.apache.calcite.sql.type.SqlTypeUtil_java","5"
"core.src.test.resources.sql.blank_iq","5"
"core.src.main.java.org.apache.calcite.adapter.enumerable.EnumerableWindow_java","5"
"core.src.main.java.org.apache.calcite.jdbc.JavaTypeFactoryImpl_java","5"
"core.src.main.java.org.apache.calcite.interpreter.Bindables_java","5"
"README","5"
"core.src.main.java.org.apache.calcite.sql.SqlJdbcFunctionCall_java","5"
"geode.src.test.java.org.apache.calcite.adapter.geode.rel.GeodeZipsTest_java","5"
"linq4j.src.main.java.org.apache.calcite.linq4j.tree.Expressions_java","5"
"core.src.test.java.org.apache.calcite.test.catalog.Fixture_java","5"
"linq4j.src.main.java.org.apache.calcite.linq4j.DefaultEnumerable_java","5"
"core.src.main.java.org.apache.calcite.tools.Frameworks_java","5"
"core.src.main.java.org.apache.calcite.jdbc.CalciteConnectionImpl_java","5"
"core.src.test.java.org.apache.calcite.plan.volcano.VolcanoPlannerTest_java","5"
"site.downloads.avatica-go_md","5"
"site._docs.elasticsearch_adapter_md","5"
"core.src.main.java.org.apache.calcite.rel.rules.AggregateUnionTransposeRule_java","5"
"druid.src.main.java.org.apache.calcite.adapter.druid.DruidRules_java","5"
"core.src.test.java.org.apache.calcite.plan.volcano.TraitPropagationTest_java","5"
"core.src.main.java.org.apache.calcite.sql.advise.SqlAdvisor_java","5"
"core.src.test.java.org.apache.calcite.test.ReflectiveSchemaTest_java","5"
"core.src.main.java.org.apache.calcite.rel.rules.AggregateFilterTransposeRule_java","5"
"core.src.test.java.org.apache.calcite.plan.RelOptUtilTest_java","5"
"core.src.test.java.org.apache.calcite.sql.test.AbstractSqlTester_java","5"
"core.src.main.java.org.apache.calcite.sql.SqlSplittableAggFunction_java","5"
"core.src.main.java.org.apache.calcite.adapter.jdbc.JdbcToEnumerableConverter_java","5"
"core.src.main.java.org.apache.calcite.adapter.enumerable.EnumerableNestedLoopJoin_java","5"
"server.src.test.java.org.apache.calcite.test.ServerTest_java","5"
"core.src.test.java.org.apache.calcite.test.catalog.MockCatalogReader_java","5"
"elasticsearch.src.main.java.org.apache.calcite.adapter.elasticsearch.ElasticsearchAggregate_java","5"
"core.src.main.java.org.apache.calcite.rel.rules.JoinToCorrelateRule_java","5"
"core.src.main.java.org.apache.calcite.plan.volcano.VolcanoRuleCall_java","5"
"core.src.test.resources.sql.struct_iq","5"
"linq4j.src.test.java.org.apache.calcite.linq4j.test.Linq4jTest_java","5"
"core.src.test.java.org.apache.calcite.rel.rules.SortRemoveRuleTest_java","5"
"core.src.main.java.org.apache.calcite.plan.RelCompositeTrait_java","5"
"core.src.main.java.org.apache.calcite.rel.metadata.RelMdColumnUniqueness_java","5"
"core.src.test.java.org.apache.calcite.test.catalog.MockCatalogReaderSimple_java","4"
"core.src.main.java.org.apache.calcite.sql.type.OperandTypes_java","4"
"geode.src.main.java.org.apache.calcite.adapter.geode.rel.GeodeRules_java","4"
"site.downloads.index_md","4"
"core.src.main.java.org.apache.calcite.rel.rules.AggregateProjectMergeRule_java","4"
"core.src.main.java.org.apache.calcite.sql.fun.SqlJsonObjectFunction_java","4"
"core.src.main.java.org.apache.calcite.jdbc.CalciteSchema_java","4"
"core.src.main.java.org.apache.calcite.sql.fun.SqlJsonDepthFunction_java","4"
"core.src.main.java.org.apache.calcite.rel.core.Correlate_java","4"
"core.src.main.java.org.apache.calcite.runtime.FlatLists_java","4"
"core.src.main.java.org.apache.calcite.config.CalciteConnectionProperty_java","4"
"core.src.main.java.org.apache.calcite.rel.metadata.RelMdDistinctRowCount_java","4"
"core.src.main.java.org.apache.calcite.rex.RexProgramBuilder_java","4"
"babel.src.main.codegen.includes.parserImpls_ftl","4"
"core.src.test.java.org.apache.calcite.util.Smalls_java","4"
"core.src.test.java.org.apache.calcite.sql.test.SqlTests_java","4"
"core.src.main.java.org.apache.calcite.sql.fun.SqlJsonValueFunction_java","4"
"_mvn.wrapper.maven-wrapper_properties","4"
"core.src.test.java.org.apache.calcite.test.RelOptTestBase_java","4"
"core.src.test.java.org.apache.calcite.tools.FrameworksTest_java","4"
"core.src.main.java.org.apache.calcite.sql.SemiJoinType_java","4"
"linq4j.src.main.java.org.apache.calcite.linq4j.ExtendedEnumerable_java","4"
"core.src.main.java.org.apache.calcite.sql.dialect.OracleSqlDialect_java","4"
"core.src.test.java.org.apache.calcite.test.Matchers_java","4"
"elasticsearch.src.main.java.org.apache.calcite.adapter.elasticsearch.ElasticsearchMethod_java","4"
"plus.src.test.java.org.apache.calcite.adapter.os.OsAdapterTest_java","4"
"core.src.main.java.org.apache.calcite.adapter.enumerable.EnumerableJoinRule_java","4"
"file.src.test.java.org.apache.calcite.adapter.file.SqlTest_java","4"
"core.src.main.java.org.apache.calcite.sql.SqlBasicTypeNameSpec_java","4"
"core.src.test.java.org.apache.calcite.test.catalog.MockCatalogReaderExtended_java","4"
"core.src.test.java.org.apache.calcite.test.MutableRelTest_java","4"
"core.src.main.java.org.apache.calcite.rel.metadata.RelMdExpressionLineage_java","4"
"core.src.test.java.org.apache.calcite.rel.rel2sql.RelToSqlConverterStructsTest_java","4"
"core.src.main.java.org.apache.calcite.util.NameMultimap_java","4"
"core.src.test.java.org.apache.calcite.rex.RexBuilderTest_java","4"
"core.src.main.java.org.apache.calcite.rel.core.Aggregate_java","4"
"core.src.main.java.org.apache.calcite.rel.rules.ProjectJoinTransposeRule_java","4"
"site.README_md","4"
"core.src.test.resources.org.apache.calcite.test.HepPlannerTest_xml","4"
"core.src.main.java.org.apache.calcite.sql.validate.SqlValidator_java","4"
"core.src.main.java.org.apache.calcite.adapter.enumerable.EnumerableSemiJoinRule_java","4"
"linq4j.src.test.java.org.apache.calcite.linq4j.test.ExpressionTest_java","4"
"core.src.main.java.org.apache.calcite.sql.parser.SqlAbstractParserImpl_java","4"
"core.src.main.java.org.apache.calcite.config.CalciteConnectionConfigImpl_java","4"
"core.src.main.java.org.apache.calcite.rex.RexSqlStandardConvertletTable_java","4"
"core.src.main.java.org.apache.calcite.rex.RexLiteral_java","4"
"core.src.test.java.org.apache.calcite.test.SqlValidatorTestCase_java","4"
"core.src.test.java.org.apache.calcite.test.MockSqlOperatorTable_java","4"
"core.src.main.java.org.apache.calcite.plan.hep.HepPlanner_java","4"
"core.src.main.java.org.apache.calcite.adapter.enumerable.EnumerableMergeJoinRule_java","4"
"core.src.test.resources.sql.winagg_iq","4"
"core.src.main.java.org.apache.calcite.prepare.RelOptTableImpl_java","4"
"core.src.main.java.org.apache.calcite.sql.dialect.PostgresqlSqlDialect_java","4"
"core.src.main.java.org.apache.calcite.sql.fun.SqlJsonArrayFunction_java","4"
"core.src.main.java.org.apache.calcite.rel.rules.FilterProjectTransposeRule_java","4"
"core.src.main.java.org.apache.calcite.sql.fun.SqlJsonTypeFunction_java","4"
"core.src.main.java.org.apache.calcite.rel.metadata.RelMdPredicates_java","4"
"core.src.main.java.org.apache.calcite.rel.rules.AggregateJoinRemoveRule_java","4"
"core.src.main.java.org.apache.calcite.rel.metadata.RelMdUniqueKeys_java","4"
"core.src.main.java.org.apache.calcite.sql.SqlTypeNameSpec_java","4"
"core.src.main.java.org.apache.calcite.rel.core.JoinRelType_java","3"
"core.src.main.java.org.apache.calcite.util.NameMap_java","3"
"geode.src.test.java.org.apache.calcite.adapter.geode.rel.JsonLoader_java","3"
"server.src.test.java.org.apache.calcite.test.ServerParserTest_java","3"
"linq4j.src.test.java.org.apache.calcite.linq4j.test.BlockBuilderTest_java","3"
"plus.src.test.java.org.apache.calcite.adapter.tpcds.TpcdsTest_java","3"
"core.src.main.java.org.apache.calcite.rel.rules.ReduceDecimalsRule_java","3"
"core.src.main.java.org.apache.calcite.rel.metadata.RelMdNodeTypes_java","3"
"core.src.test.java.org.apache.calcite.test.catalog.MockCatalogReaderDynamic_java","3"
"core.src.test.java.org.apache.calcite.test.ModelTest_java","3"
"core.src.main.java.org.apache.calcite.sql.fun.SqlCountAggFunction_java","3"
"core.src.main.java.org.apache.calcite.plan.RelOptRules_java","3"
"core.src.main.java.org.apache.calcite.sql.SqlAggFunction_java","3"
"core.src.main.java.org.apache.calcite.sql.fun.SqlJsonPrettyFunction_java","3"
"core.src.test.java.org.apache.calcite.test.MultiJdbcSchemaJoinTest_java","3"
"core.src.test.java.org.apache.calcite.test.UdfTest_java","3"
"core.src.main.java.org.apache.calcite.rel.type.RelDataTypeSystem_java","3"
"core.src.test.java.org.apache.calcite.test.TableFunctionTest_java","3"
"elasticsearch.src.main.java.org.apache.calcite.adapter.elasticsearch.ElasticsearchToEnumerableConverter_java","3"
"core.src.main.java.org.apache.calcite.sql.SqlJsonQueryEmptyOrErrorBehavior_java","3"
"core.src.main.java.org.apache.calcite.sql.fun.SqlJsonValueExpressionOperator_java","3"
"core.src.main.java.org.apache.calcite.interpreter.AggregateNode_java","3"
"core.src.main.java.org.apache.calcite.sql.validate.AggChecker_java","3"
"core.src.main.java.org.apache.calcite.rel.rules.AggregateExtractProjectRule_java","3"
"core.src.test.resources.sql.join_iq","3"
"core.src.test.java.org.apache.calcite.plan.RelTraitTest_java","3"
"core.src.main.java.org.apache.calcite.util.Unsafe_java","3"
"README_md","3"
"core.src.test.java.org.apache.calcite.profile.ProfilerTest_java","3"
"core.src.main.java.org.apache.calcite.sql.SqlUserDefinedTypeNameSpec_java","3"
"core.src.main.java.org.apache.calcite.plan.Strong_java","3"
"core.src.main.java.org.apache.calcite.rex.RexOver_java","3"
"elasticsearch.src.main.java.org.apache.calcite.adapter.elasticsearch.ElasticsearchFilter_java","3"
"core.src.main.java.org.apache.calcite.runtime.JsonFunctions_java","3"
"kafka.src.main.java.org.apache.calcite.adapter.kafka.KafkaTableFactory_java","3"
"elasticsearch.src.main.java.org.apache.calcite.adapter.elasticsearch.ElasticsearchConstants_java","3"
"core.src.main.java.org.apache.calcite.rel.rules.FilterCorrelateRule_java","3"
"core.src.main.java.org.apache.calcite.util.javac.JaninoCompiler_java","3"
"linq4j.src.main.java.org.apache.calcite.linq4j.function.Functions_java","3"
"core.src.main.java.org.apache.calcite.rel.logical.LogicalTableSpool_java","3"
"core.src.main.java.org.apache.calcite.adapter.enumerable.EnumerableThetaJoin_java","3"
"core.src.main.java.org.apache.calcite.adapter.enumerable.EnumerableTableSpool_java","3"
"core.src.main.java.org.apache.calcite.adapter.enumerable.EnumerableMatch_java","3"
"spark.src.test.java.org.apache.calcite.test.SparkAdapterTest_java","3"
"elasticsearch.src.test.java.org.apache.calcite.adapter.elasticsearch.ScrollingTest_java","3"
"core.src.main.java.org.apache.calcite.rel.core.RepeatUnion_java","3"
"elasticsearch.src.main.java.org.apache.calcite.adapter.elasticsearch.PredicateAnalyzer_java","3"
"core.src.test.resources.sql.match_iq","3"
"ubenchmark.src.main.java.org.apache.calcite.benchmarks.AbstractRelNodeGetRelTypeNameBenchmark_java","3"
"core.src.main.java.org.apache.calcite.rel.logical.LogicalAggregate_java","3"
"core.src.main.java.org.apache.calcite.adapter.enumerable.EnumerableRepeatUnion_java","3"
"core.src.main.java.org.apache.calcite.rex.RexInterpreter_java","3"
"core.src.main.java.org.apache.calcite.sql.SqlOperator_java","3"
"core.src.test.resources.sql.conditions_iq","3"
"mongodb.src.test.java.org.apache.calcite.test.MongoAssertions_java","3"
"core.src.main.java.org.apache.calcite.sql.fun.SqlJsonExistsFunction_java","3"
"core.src.test.java.org.apache.calcite.test.fuzzer.RexToTestCodeShuttle_java","3"
"core.src.main.java.org.apache.calcite.sql.fun.SqlRollupOperator_java","3"
"druid.src.main.java.org.apache.calcite.adapter.druid.DruidConnectionImpl_java","3"
"elasticsearch.src.main.java.org.apache.calcite.adapter.elasticsearch.ElasticsearchSort_java","3"
"core.src.main.java.org.apache.calcite.rel.metadata.RelMdRowCount_java","3"
"core.src.main.java.org.apache.calcite.sql.fun.SqlJsonQueryFunction_java","3"
"core.src.main.java.org.apache.calcite.adapter.enumerable.EnumerableInterpretable_java","3"
"docker.pom_xml","3"
"appveyor_yml","3"
"core.src.main.java.org.apache.calcite.adapter.enumerable.EnumerableTableSpoolRule_java","3"
"spark.src.main.java.org.apache.calcite.adapter.spark.SparkHandlerImpl_java","3"
"core.src.main.java.org.apache.calcite.sql.dialect.BigQuerySqlDialect_java","3"
"elasticsearch.src.test.java.org.apache.calcite.adapter.elasticsearch.BooleanLogicTest_java","3"
"core.src.main.java.org.apache.calcite.rel.logical.LogicalRepeatUnion_java","3"
"core.src.main.java.org.apache.calcite.sql.dialect.MssqlSqlDialect_java","3"
"core.src.test.java.org.apache.calcite.util.PartiallyOrderedSetTest_java","3"
"core.src.main.java.org.apache.calcite.interpreter.JaninoRexCompiler_java","3"
"file.src.test.java.org.apache.calcite.adapter.file.FileReaderTest_java","3"
"core.src.main.java.org.apache.calcite.rex.RexProgram_java","3"
"core.src.main.java.org.apache.calcite.config.CalciteConnectionConfig_java","3"
"core.src.main.java.org.apache.calcite.sql.type.SqlTypeFactoryImpl_java","3"
"core.src.main.java.org.apache.calcite.util.NameSet_java","3"
"core.src.main.java.org.apache.calcite.model.ModelHandler_java","3"
"core.src.main.java.org.apache.calcite.sql.pretty.SqlPrettyWriter_java","3"
"core.src.main.java.org.apache.calcite.rel.rules.AggregateMergeRule_java","3"
"core.src.main.java.org.apache.calcite.runtime.ResultSetEnumerable_java","3"
"server.src.main.java.org.apache.calcite.sql.ddl.SqlCreateTable_java","3"
"core.src.test.java.org.apache.calcite.test.RexImplicationCheckerTest_java","3"
"core.src.test.java.org.apache.calcite.test.SqlTestGen_java","3"
"elasticsearch.src.main.java.org.apache.calcite.adapter.elasticsearch.Scrolling_java","3"
"elasticsearch.src.main.java.org.apache.calcite.adapter.elasticsearch.ElasticsearchSchema_java","3"
"core.src.main.java.org.apache.calcite.sql.SqlJsonValueEmptyOrErrorBehavior_java","3"
"core.src.main.java.org.apache.calcite.sql.fun.SqlJsonKeysFunction_java","3"
"core.src.main.java.org.apache.calcite.sql.fun.SqlJsonLengthFunction_java","3"
"server.src.main.codegen.includes.parserImpls_ftl","3"
"elasticsearch.src.test.java.org.apache.calcite.adapter.elasticsearch.EmbeddedElasticsearchPolicy_java","3"
"geode.src.main.java.org.apache.calcite.adapter.geode.util.GeodeUtils_java","3"
"core.src.main.java.org.apache.calcite.rel.metadata.JaninoRelMetadataProvider_java","3"
"core.src.main.java.org.apache.calcite.sql.dialect.SparkSqlDialect_java","3"
"core.src.main.java.org.apache.calcite.rel.core.TableSpool_java","3"
"src.main.config.checkstyle.suppressions_xml","3"
"core.src.test.java.org.apache.calcite.sql.test.SqlTester_java","3"
"elasticsearch.src.main.java.org.apache.calcite.adapter.elasticsearch.ElasticsearchTransport_java","3"
"core.src.main.java.org.apache.calcite.rel.metadata.RelMdPopulationSize_java","3"
"core.src.main.java.org.apache.calcite.sql.SqlIdentifier_java","3"
"elasticsearch.src.main.java.org.apache.calcite.adapter.elasticsearch.ElasticsearchRel_java","3"
"core.src.main.java.org.apache.calcite.sql.SqlRowTypeNameSpec_java","3"
"core.src.main.java.org.apache.calcite.sql.SqlNode_java","3"
"core.src.test.java.org.apache.calcite.test.BookstoreSchema_java","3"
"core.src.test.java.org.apache.calcite.test.FoodmartTest_java","3"
"druid.src.main.java.org.apache.calcite.adapter.druid.DruidQuery_java","3"
"core.src.main.java.org.apache.calcite.rel.type.RelDataTypeFactory_java","3"
"core.src.main.java.org.apache.calcite.rel.AbstractRelNode_java","3"
"core.src.test.java.org.apache.calcite.test.enumerable.EnumerableRepeatUnionHierarchyTest_java","3"
"core.src.test.java.org.apache.calcite.jdbc.CalciteRemoteDriverTest_java","3"
"core.src.main.java.org.apache.calcite.rel.core.Window_java","3"
"core.src.test.resources.sql.spatial_iq","3"
"geode.src.test.java.org.apache.calcite.adapter.geode.rel.GeodeBookstoreTest_java","3"
"core.src.main.java.org.apache.calcite.sql.SqlCollation_java","3"
"linq4j.src.main.java.org.apache.calcite.linq4j.tree.VisitorImpl_java","3"
"piglet.src.test.java.org.apache.calcite.test.CalciteHandler_java","3"
"core.src.main.java.org.apache.calcite.DataContext_java","3"
"core.src.main.java.org.apache.calcite.sql.SqlWriter_java","2"
"core.src.main.java.org.apache.calcite.runtime.CalciteException_java","2"
"core.src.main.java.org.apache.calcite.rel.core.JoinInfo_java","2"
"core.src.test.java.org.apache.calcite.test.MockCatalogReader_java","2"
"core.src.test.java.org.apache.calcite.test.enumerable.EnumerableRepeatUnionTest_java","2"
"core.src.main.java.org.apache.calcite.rel.rules.FilterMultiJoinMergeRule_java","2"
"core.src.main.java.org.apache.calcite.sql.validate.SqlValidatorException_java","2"
"core.src.test.java.org.apache.calcite.test.DiffRepository_java","2"
"spark.src.main.java.org.apache.calcite.adapter.spark.JdbcToSparkConverter_java","2"
"core.src.main.java.org.apache.calcite.plan.RelOptRule_java","2"
"cassandra.src.test.resources.logback-test_xml","2"
"core.src.test.java.org.apache.calcite.test.enumerable.EnumerableJoinTest_java","2"
"linq4j.src.test.java.org.apache.calcite.linq4j.test.PrimitiveTest_java","2"
"site._docs.powered_by_md","2"
"core.src.main.java.org.apache.calcite.sql.SqlCollectionTypeNameSpec_java","2"
"core.src.main.java.org.apache.calcite.adapter.enumerable.EnumerableJoin_java","2"
"core.src.test.java.org.apache.calcite.sql.test.SqlTesterImpl_java","2"
"core.src.main.java.org.apache.calcite.adapter.enumerable.OrderedAggregateLambdaFactory_java","2"
"core.src.main.java.org.apache.calcite.rel.rules.JoinToMultiJoinRule_java","2"
"core.src.main.java.org.apache.calcite.rel.externalize.RelJsonWriter_java","2"
"core.src.main.java.org.apache.calcite.sql.SqlFilterOperator_java","2"
"druid.src.test.java.org.apache.calcite.test.DruidAdapter2IT_java","2"
"kafka.src.test.resources.kafka_model_json","2"
"_gitignore","2"
"core.src.main.java.org.apache.calcite.rel.rules.MultiJoinProjectTransposeRule_java","2"
"core.src.main.java.org.apache.calcite.rex.RexFieldCollation_java","2"
"core.src.main.java.org.apache.calcite.sql.parser.SqlParser_java","2"
"spotbugs-filter_xml","2"
"core.src.main.java.org.apache.calcite.rel.rules.ProjectFilterTransposeRule_java","2"
"core.src.test.java.org.apache.calcite.test.catalog.EmpInitializerExpressionFactory_java","2"
"cassandra.src.main.java.org.apache.calcite.adapter.cassandra.CassandraSchema_java","2"
"linq4j.src.main.java.org.apache.calcite.linq4j.CorrelateJoinType_java","2"
"core.src.main.java.org.apache.calcite.rel.rules.SortJoinCopyRule_java","2"
"core.src.test.java.org.apache.calcite.test.fuzzer.RexFuzzer_java","2"
"core.src.main.java.org.apache.calcite.util.graph.DefaultDirectedGraph_java","2"
"core.src.main.java.org.apache.calcite.rel.metadata.RelMdAllPredicates_java","2"
"server.src.test.resources.sql.type_iq","2"
"core.src.main.java.org.apache.calcite.sql.SqlJsonEmptyOrError_java","2"
"core.src.main.java.org.apache.calcite.sql.fun.SqlBitOpAggFunction_java","2"
"kafka.src.test.java.org.apache.calcite.adapter.kafka.KafkaAdapterTest_java","2"
"linq4j.src.main.java.org.apache.calcite.linq4j.tree.Shuttle_java","2"
"core.src.main.java.org.apache.calcite.adapter.enumerable.PhysTypeImpl_java","2"
"core.src.test.java.org.apache.calcite.rex.RexSqlStandardConvertletTableTest_java","2"
"core.src.main.java.org.apache.calcite.sql.fun.SqlFirstLastValueAggFunction_java","2"
"core.src.main.java.org.apache.calcite.sql.validate.AggVisitor_java","2"
"elasticsearch.src.test.java.org.apache.calcite.adapter.elasticsearch.EmbeddedElasticsearchNode_java","2"
"core.src.main.java.org.apache.calcite.adapter.jdbc.JdbcSchema_java","2"
"core.src.main.java.org.apache.calcite.statistic.CachingSqlStatisticProvider_java","2"
"core.src.main.java.org.apache.calcite.sql.parser.SqlParserUtil_java","2"
"core.src.main.java.org.apache.calcite.sql.fun.SqlNthValueAggFunction_java","2"
"src.main.config.checkstyle.checker_xml","2"
"geode.src.test.java.org.apache.calcite.adapter.geode.rel.BaseGeodeAdapterIT_java","2"
"core.src.test.java.org.apache.calcite.sql.type.SqlTypeFactoryTest_java","2"
"core.src.main.java.org.apache.calcite.sql.SqlRowTypeSpec_java","2"
"core.src.main.java.org.apache.calcite.runtime.Enumerables_java","2"
"core.src.main.java.org.apache.calcite.sql.parser.SqlParserPos_java","2"
"core.src.main.java.org.apache.calcite.rex.RexSubQuery_java","2"
"core.src.main.java.org.apache.calcite.rel.rules.AggregateUnionAggregateRule_java","2"
"example.csv.src.main.java.org.apache.calcite.adapter.csv.CsvFilterableTable_java","2"
"core.src.main.java.org.apache.calcite.plan.RelOptMaterializations_java","2"
"file.src.test.resources.sales-json.DEPTS_json","2"
"core.src.main.java.org.apache.calcite.runtime.AutomatonBuilder_java","2"
"core.src.main.java.org.apache.calcite.sql.SqlFunction_java","2"
"core.src.main.java.org.apache.calcite.plan.RelOptMaterialization_java","2"
"core.src.main.java.org.apache.calcite.materialize.MapSqlStatisticProvider_java","2"
"core.src.main.java.org.apache.calcite.rel.mutable.MutableRelType_java","2"
"core.src.main.java.org.apache.calcite.plan.RexImplicationChecker_java","2"
"core.src.main.java.org.apache.calcite.util.NlsString_java","2"
"plus.src.test.java.org.apache.calcite.materialize.TpcdsLatticeSuggesterTest_java","2"
"file.src.test.resources.sales-json.EMPTY_json","2"
"core.src.main.java.org.apache.calcite.rel.convert.ConverterRule_java","2"
"geode.src.main.java.org.apache.calcite.adapter.geode.rel.GeodeSchemaFactory_java","2"
"core.src.main.java.org.apache.calcite.sql.fun.SqlLibraryOperatorTableFactory_java","2"
"core.src.main.java.org.apache.calcite.sql.SqlJsonQueryWrapperBehavior_java","2"
"piglet.src.main.javacc.PigletParser_jj","2"
"core.src.main.java.org.apache.calcite.rex.RexExecutorImpl_java","2"
"core.src.main.java.org.apache.calcite.adapter.enumerable.EnumerableTableScan_java","2"
"core.src.main.java.org.apache.calcite.rel.mutable.MutableSemiJoin_java","2"
"core.src.test.java.org.apache.calcite.test.SqlValidatorDynamicTest_java","2"
"core.src.test.java.org.apache.calcite.test.JdbcFrontLinqBackTest_java","2"
"core.src.test.java.org.apache.calcite.util.TestUtilTest_java","2"
"core.src.main.java.org.apache.calcite.materialize.SqlStatisticProvider_java","2"
"core.src.main.java.org.apache.calcite.plan.volcano.RelSubset_java","2"
"site.doap_calcite_rdf","2"
"linq4j.src.main.java.org.apache.calcite.linq4j.tree.Primitive_java","2"
"core.src.main.java.org.apache.calcite.rel.mutable.MutableMatch_java","2"
"core.src.main.java.org.apache.calcite.rel.rules.AggregateJoinJoinRemoveRule_java","2"
"cassandra.src.main.java.org.apache.calcite.adapter.cassandra.CassandraSchemaFactory_java","2"
"core.src.main.java.org.apache.calcite.adapter.enumerable.EnumerableRepeatUnionRule_java","2"
"core.src.test.java.org.apache.calcite.schemas.HrClusteredSchema_java","2"
"ubenchmark.src.main.java.org.apache.calcite.adapter.enumerable.package-info_java","2"
"core.src.main.java.org.apache.calcite.rel.metadata.RelMdTableReferences_java","2"
"core.src.main.java.org.apache.calcite.rel.RelFieldCollation_java","2"
"core.src.test.resources.sql.outer_iq","2"
"core.src.test.java.org.apache.calcite.test.SqlValidatorFeatureTest_java","2"
"core.src.main.java.org.apache.calcite.rel.rules.MultiJoin_java","2"
"core.src.test.java.org.apache.calcite.test.RelMdPercentageOriginalRowsTest_java","2"
"core.src.main.java.org.apache.calcite.rel.rules.ProjectJoinRemoveRule_java","2"
"core.src.main.java.org.apache.calcite.adapter.enumerable.SourceSorter_java","2"
"core.src.main.java.org.apache.calcite.adapter.enumerable.PhysType_java","2"
"mvnw_cmd","2"
"linq4j.src.main.java.org.apache.calcite.linq4j.tree.BinaryExpression_java","2"
"core.src.main.java.org.apache.calcite.plan.hep.HepProgramBuilder_java","2"
"kafka.src.test.java.org.apache.calcite.adapter.kafka.KafkaMockConsumer_java","2"
"linq4j.src.main.java.org.apache.calcite.linq4j.tree.ExpressionWriter_java","2"
"core.src.main.java.org.apache.calcite.sql.SqlJsonEncoding_java","2"
"docker.src.main.dockerhub.Dockerfile_hypersql","2"
"core.src.test.java.org.apache.calcite.test.catalog.VirtualColumnsExpressionFactory_java","2"
"kafka.src.main.java.org.apache.calcite.adapter.kafka.KafkaTableConstants_java","2"
"site._docs.kafka_adapter_md","2"
"pig.src.main.java.org.apache.calcite.adapter.pig.PigRelFactories_java","2"
"metrics-dropwizardmetrics.pom_xml","2"
"core.src.main.java.org.apache.calcite.rel.rules.DateRangeRules_java","2"
"core.src.test.java.org.apache.calcite.jdbc.JavaTypeFactoryTest_java","2"
"core.src.test.java.org.apache.calcite.rex.RexExecutorTest_java","2"
"core.src.main.java.org.apache.calcite.sql.fun.SqlItemOperator_java","2"
"cassandra.src.main.java.org.apache.calcite.adapter.cassandra.CassandraToEnumerableConverter_java","2"
"pig.src.test.java.org.apache.calcite.test.PigRelBuilderStyleTest_java","2"
"splunk.src.test.java.org.apache.calcite.test.SplunkAdapterTest_java","2"
"core.src.main.java.org.apache.calcite.tools.PigRelBuilder_java","2"
"core.src.test.java.org.apache.calcite.rel.rules.EnumerableLimitRuleTest_java","2"
"core.src.main.java.org.apache.calcite.sql.dialect.HiveSqlDialect_java","2"
"kafka.src.test.java.org.apache.calcite.adapter.kafka.KafkaRowConverterTest_java","2"
"geode.src.main.java.org.apache.calcite.adapter.geode.rel.GeodeTable_java","2"
"core.src.main.java.org.apache.calcite.materialize.Step_java","2"
"core.src.test.java.org.apache.calcite.sql.validate.SqlValidatorUtilTest_java","2"
"sqlline","2"
"core.src.main.java.org.apache.calcite.adapter.enumerable.EnumerableAggregateRule_java","2"
"core.src.main.java.org.apache.calcite.plan.MaterializedViewSubstitutionVisitor_java","2"
"core.src.main.java.org.apache.calcite.sql.fun.SqlSingleValueAggFunction_java","2"
"core.src.main.java.org.apache.calcite.prepare.CalciteMaterializer_java","2"
"mongodb.src.main.java.org.apache.calcite.adapter.mongodb.MongoRules_java","2"
"core.src.main.java.org.apache.calcite.rex.RexShuttle_java","2"
"core.src.main.java.org.apache.calcite.sql.fun.SqlLiteralChainOperator_java","2"
"core.src.main.java.org.apache.calcite.adapter.enumerable.EnumerableMergeJoin_java","2"
"core.src.main.java.org.apache.calcite.rel.mutable.MutableAggregate_java","2"
"docker-compose_yml","2"
"core.src.test.kotlin.org.apache.calcite.TestKtTest_kt","2"
"mvnw","2"
"ubenchmark.src.main.java.org.apache.calcite.adapter.enumerable.CodeGenerationBenchmark_java","2"
"core.src.main.java.org.apache.calcite.util.BlackholeMap_java","2"
"geode.src.test.java.org.apache.calcite.adapter.geode.rel.GeodeAdapterBookshopIT_java","2"
"core.src.main.java.org.apache.calcite.rex.RexUnknownAs_java","2"
"core.src.main.java.org.apache.calcite.rel.RelCollations_java","2"
"linq4j.src.main.java.org.apache.calcite.linq4j.tree.BlockBuilder_java","2"
"core.src.main.java.org.apache.calcite.util.CompoundClosableAllocation_java","2"
"kafka.src.main.java.org.apache.calcite.adapter.kafka.KafkaRowConverterImpl_java","2"
"core.src.test.java.org.apache.calcite.adapter.enumerable.TypeFinderTest_java","2"
"core.src.main.java.org.apache.calcite.sql.fun.SqlMinMaxAggFunction_java","2"
"core.src.main.java.org.apache.calcite.sql.fun.SqlLeadLagAggFunction_java","2"
"core.src.test.java.org.apache.calcite.sql.type.SqlTypeFixture_java","2"
"plus.src.main.java.org.apache.calcite.adapter.os.SqlShell_java","2"
"elasticsearch.src.main.java.org.apache.calcite.adapter.elasticsearch.ElasticsearchMapping_java","2"
"core.src.main.java.org.apache.calcite.rel.rules.LoptOptimizeJoinRule_java","2"
"kafka.src.main.java.org.apache.calcite.adapter.kafka.KafkaStreamTable_java","2"
"core.src.test.java.org.apache.calcite.sql.test.DocumentationTest_java","2"
"core.src.main.java.org.apache.calcite.runtime.Pattern_java","2"
"core.src.main.java.org.apache.calcite.sql.SqlCall_java","2"
"geode.src.test.java.org.apache.calcite.adapter.geode.rel.GeodeZipsIT_java","2"
"core.src.main.java.org.apache.calcite.rel.core.SemiJoin_java","2"
"core.src.main.java.org.apache.calcite.util.mapping.Mappings_java","2"
"core.src.main.java.org.apache.calcite.sql.util.ListSqlOperatorTable_java","2"
"geode.src.main.java.org.apache.calcite.adapter.geode.rel.GeodeAggregate_java","2"
"core.src.main.java.org.apache.calcite.rel.core.EquiJoin_java","2"
"elasticsearch.src.main.java.org.apache.calcite.adapter.elasticsearch.ElasticsearchTableScan_java","2"
"ubenchmark.src.main.java.org.apache.calcite.benchmarks.StringConstructBenchmark_java","2"
"core.src.main.java.org.apache.calcite.sql.validate.implicit.TypeCoercionImpl_java","2"
"splunk.src.main.java.org.apache.calcite.adapter.splunk.search.SplunkConnectionImpl_java","2"
"kafka.src.main.java.org.apache.calcite.adapter.kafka.KafkaRowConverter_java","2"
"core.src.test.java.org.apache.calcite.util.TestUtil_java","2"
"core.src.main.java.org.apache.calcite.rel.rules.ProjectJoinJoinRemoveRule_java","2"
"piglet.src.test.java.org.apache.calcite.test.PigRelTestBase_java","2"
"core.src.main.java.org.apache.calcite.sql.SqlJsonConstructorNullClause_java","2"
"geode.src.main.java.org.apache.calcite.adapter.geode.rel.GeodeSort_java","2"
"core.src.main.java.org.apache.calcite.prepare.CalciteCatalogReader_java","2"
"core.src.main.java.org.apache.calcite.adapter.enumerable.SequencedAdderAggregateLambdaFactory_java","2"
"druid.src.main.java.org.apache.calcite.adapter.druid.DruidSqlCastConverter_java","2"
"docker_sh","2"
"core.src.test.java.org.apache.calcite.test.concurrent.ConcurrentTestCommandScript_java","2"
"core.src.main.java.org.apache.calcite.prepare.LixToRelTranslator_java","2"
"geode.src.test.java.org.apache.calcite.adapter.geode.rel.GeodeEmbeddedPolicy_java","2"
"site.downloads.avatica_md","2"
"core.src.main.java.org.apache.calcite.util.CaseInsensitiveComparator_java","2"
"core.src.main.java.org.apache.calcite.sql.validate.implicit.TypeCoercion_java","2"
"geode.src.test.java.org.apache.calcite.adapter.geode.rel.AbstractGeodeTest_java","2"
"site._docs.os_adapter_md","2"
"core.src.main.java.org.apache.calcite.rel.core.Join_java","2"
"core.src.main.java.org.apache.calcite.sql.type.SqlTypeAssignmentRules_java","2"
"example.csv.src.main.java.org.apache.calcite.adapter.csv.JsonEnumerator_java","2"
"kafka.src.main.java.org.apache.calcite.adapter.kafka.KafkaTableOptions_java","2"
"core.src.main.java.org.apache.calcite.sql.type.BasicSqlType_java","2"
"kafka.src.main.java.org.apache.calcite.adapter.kafka.KafkaMessageEnumerator_java","2"
"core.src.main.java.org.apache.calcite.rel.core.Spool_java","2"
"linq4j.src.main.java.org.apache.calcite.linq4j.tree.Types_java","2"
"core.src.test.java.org.apache.calcite.runtime.AutomatonTest_java","2"
"site._docs.file_adapter_md","2"
"core.src.main.java.org.apache.calcite.sql.fun.SqlCaseOperator_java","2"
"core.src.main.java.org.apache.calcite.rel.rules.AggregateProjectPullUpConstantsRule_java","2"
"core.src.main.java.org.apache.calcite.rel.core.Project_java","2"
"server.src.main.java.org.apache.calcite.sql.ddl.SqlDdlNodes_java","2"
"core.src.main.java.org.apache.calcite.tools.FrameworkConfig_java","2"
"site._docs.index_md","2"
"linq4j.src.main.java.org.apache.calcite.linq4j.tree.ForEachStatement_java","2"
"core.src.main.java.org.apache.calcite.runtime.Utilities_java","2"
"core.src.main.java.org.apache.calcite.sql.SqlJsonExistsErrorBehavior_java","2"
"piglet.src.test.java.org.apache.calcite.test.PigRelOpTest_java","2"
"druid.src.main.java.org.apache.calcite.adapter.druid.DruidDateTimeUtils_java","2"
"core.src.main.java.org.apache.calcite.materialize.LatticeSuggester_java","2"
"mongodb.src.main.java.org.apache.calcite.adapter.mongodb.MongoAggregate_java","2"
"core.src.main.java.org.apache.calcite.adapter.enumerable.EnumerableBatchNestedLoopJoin_java","2"
"piglet.src.main.java.org.apache.calcite.piglet.PigRelSqlUdfs_java","2"
"example.csv.src.main.java.org.apache.calcite.adapter.csv.JsonTable_java","2"
"core.src.main.java.org.apache.calcite.rel.rules.LoptSemiJoinOptimizer_java","2"
"geode.src.main.java.org.apache.calcite.adapter.geode.rel.GeodeSchema_java","2"
"core.src.main.java.org.apache.calcite.sql.fun.SqlCovarAggFunction_java","2"
"plus.src.main.java.org.apache.calcite.chinook.CalciteConnectionProvider_java","2"
"core.src.main.java.org.apache.calcite.util.XmlOutput_java","2"
"core.src.main.java.org.apache.calcite.rel.rules.SemiJoinJoinTransposeRule_java","2"
"core.src.main.java.org.apache.calcite.adapter.enumerable.EnumerableCalc_java","2"
"core.src.main.java.org.apache.calcite.runtime.Automaton_java","2"
"linq4j.src.main.java.org.apache.calcite.linq4j.tree.FunctionExpression_java","2"
"elasticsearch.src.main.java.org.apache.calcite.adapter.elasticsearch.ElasticsearchSchemaFactory_java","2"
"core.src.main.java.org.apache.calcite.rel.rules.JoinProjectTransposeRule_java","2"
"spark.src.main.java.org.apache.calcite.adapter.spark.SparkRules_java","2"
"core.src.main.java.org.apache.calcite.rel.rules.SemiJoinFilterTransposeRule_java","2"
"core.src.main.java.org.apache.calcite.rel.logical.LogicalMatch_java","2"
"core.src.main.java.org.apache.calcite.interpreter.Interpreter_java","2"
"core.src.main.java.org.apache.calcite.util.NameHelper_java","2"
"core.src.main.java.org.apache.calcite.runtime.Matcher_java","2"
"core.src.test.java.org.apache.calcite.sql.type.RelDataTypeSystemTest_java","2"
"core.src.main.java.org.apache.calcite.schema.impl.StarTable_java","2"
"core.src.main.java.org.apache.calcite.rel.rules.ProjectWindowTransposeRule_java","2"
"linq4j.src.main.java.org.apache.calcite.linq4j.tree.ExpressionType_java","2"
"core.src.main.java.org.apache.calcite.rel.rules.ExchangeRemoveConstantKeysRule_java","2"
"core.src.test.java.org.apache.calcite.test.DiffTestCase_java","2"
"cassandra.src.test.resources.twissandra_cql","2"
"core.src.main.java.org.apache.calcite.sql.SqlLateralOperator_java","2"
"core.src.main.java.org.apache.calcite.rel.rules.MultiJoinOptimizeBushyRule_java","2"
"core.custom-schema-model_json","2"
"core.src.main.java.org.apache.calcite.plan.RelOptCluster_java","2"
"file.src.test.resources.sales-json.SDEPTS_json","2"
"site._docs.model_md","2"
"core.src.main.java.org.apache.calcite.sql.fun.SqlDotOperator_java","2"
"core.src.main.java.org.apache.calcite.plan.RelOptCostImpl_java","2"
"cassandra.src.test.resources.cassandra_yaml","2"
"elasticsearch.src.main.java.org.apache.calcite.adapter.elasticsearch.ExpressionNotAnalyzableException_java","1"
"druid.src.main.java.org.apache.calcite.adapter.druid.TimeExtractionFunction_java","1"
"core.src.main.java.org.apache.calcite.rel.core.TableScan_java","1"
"core.src.main.java.org.apache.calcite.rex.RexVariable_java","1"
"core.src.main.java.org.apache.calcite.util.BarfingInvocationHandler_java","1"
"core.src.main.java.org.apache.calcite.rex.RexNode_java","1"
"example.csv.src.test.resources.model-with-custom-table_yaml","1"
"core.src.main.java.org.apache.calcite.sql.fun.SqlJsonStorageSizeFunction_java","1"
"core.src.main.java.org.apache.calcite.util.CompositeList_java","1"
"core.src.main.java.org.apache.calcite.sql.type.AssignableOperandTypeChecker_java","1"
"plus.src.test.java.org.apache.calcite.test.PlusSuite_java","1"
"piglet.src.main.java.org.apache.calcite.piglet.PigUdfFinder_java","1"
"core.src.main.java.org.apache.calcite.rel.mutable.MutableCorrelate_java","1"
"core.src.main.java.org.apache.calcite.materialize.LatticeNode_java","1"
"site._sass._style_scss","1"
"core.src.test.java.org.apache.calcite.util.ImmutableBitSetTest_java","1"
"docker.src.main.dockerhub-hypersql.Dockerfile","1"
"core.src.main.java.org.apache.calcite.rel.core.Calc_java","1"
"core.src.main.java.org.apache.calcite.adapter.enumerable.NullPolicy_java","1"
"core.src.main.java.org.apache.calcite.util.ClosableAllocation_java","1"
"core.src.main.java.org.apache.calcite.rel.rules.JoinAddRedundantSemiJoinRule_java","1"
"piglet.src.main.java.org.apache.calcite.piglet.PigUserDefinedFunction_java","1"
"core.src.main.java.org.apache.calcite.schema.SchemaPlus_java","1"
"core.src.main.java.org.apache.calcite.sql.fun.LibraryOperator_java","1"
"core.src.main.java.org.apache.calcite.util.SaffronProperties_java","1"
"file.src.main.java.org.apache.calcite.adapter.file.FileReader_java","1"
"metrics-dropwizardmetrics.src.main.java.org.apache.calcite.avatica.metrics.dropwizard.DropwizardCounter_java","1"
"core.src.main.java.org.apache.calcite.sql.SqlSelect_java","1"
"core.src.main.java.org.apache.calcite.sql.fun.SqlCastFunction_java","1"
"core.src.main.java.org.apache.calcite.rel.logical.LogicalFilter_java","1"
"core.src.main.java.org.apache.calcite.sql.fun.SqlSumEmptyIsZeroAggFunction_java","1"
"core.src.test.java.org.apache.calcite.test.fuzzer.SimplifyTask_java","1"
"metrics-dropwizardmetrics.src.test.java.org.apache.calcite.avatica.metrics.dropwizard.DropwizardHistogramTest_java","1"
"metrics-dropwizardmetrics.src.main.java.org.apache.calcite.avatica.metrics.dropwizard.DropwizardMetricsSystemConfiguration_java","1"
"core.src.test.java.org.apache.calcite.test.TypeCoercionConverterTest_java","1"
"core.src.test.java.org.apache.calcite.util.SourceTest_java","1"
"spark.src.test.resources.log4j_properties","1"
"core.src.main.java.org.apache.calcite.util.Compatible_java","1"
"core.src.main.java.org.apache.calcite.sql.util.SqlString_java","1"
"plus.src.main.java.org.apache.calcite.adapter.os.JpsTableFunction_java","1"
"core.src.main.java.org.apache.calcite.util.graph.Graphs_java","1"
"elasticsearch.src.main.java.org.apache.calcite.adapter.elasticsearch.ElasticsearchVersion_java","1"
"core.src.main.java.org.apache.calcite.rel.rules.ProjectSetOpTransposeRule_java","1"
"core.src.main.java.org.apache.calcite.runtime.HttpUtils_java","1"
"metrics-dropwizardmetrics3.src.test.java.org.apache.calcite.avatica.metrics.dropwizard3.DropwizardMeterTest_java","1"
"file.src.test.resources.sales-json_json","1"
"server.src.main.java.org.apache.calcite.sql.ddl.SqlCreateType_java","1"
"core.src.main.java.org.apache.calcite.rel.rules.JoinPushThroughJoinRule_java","1"
"docker.src.main.dockerhub.hooks.post_push","1"
"mongodb.src.main.java.org.apache.calcite.adapter.mongodb.MongoProject_java","1"
"core.src.main.java.org.apache.calcite.prepare.Prepare_java","1"
"file.src.main.java.org.apache.calcite.adapter.file.FileFieldType_java","1"
"core.src.main.java.org.apache.calcite.sql.validate.SqlAbstractConformance_java","1"
"core.src.main.java.org.apache.calcite.rel.logical.ToLogicalConverter_java","1"
"metrics-dropwizardmetrics3.src.main.java.org.apache.calcite.avatica.metrics.dropwizard3.DropwizardMeter_java","1"
"core.src.main.java.org.apache.calcite.statistic.package-info_java","1"
"cassandra.src.test.java.org.apache.calcite.test.CassandraAdapterIT_java","1"
"metrics-dropwizardmetrics3.src.test.java.org.apache.calcite.avatica.metrics.dropwizard3.DropwizardMetricsSystemTest_java","1"
"core.src.main.java.org.apache.calcite.rel.rules.LoptMultiJoin_java","1"
"mongodb.src.main.java.org.apache.calcite.adapter.mongodb.MongoSchemaFactory_java","1"
"linq4j.src.main.java.org.apache.calcite.linq4j.tree.MethodCallExpression_java","1"
"core.src.main.java.org.apache.calcite.sql.util.ChainedSqlOperatorTable_java","1"
"core.src.main.java.org.apache.calcite.sql.validate.TableNamespace_java","1"
"example.csv.src.main.java.org.apache.calcite.adapter.csv.CsvFieldType_java","1"
"elasticsearch.src.test.java.org.apache.calcite.test.ElasticsearchChecker_java","1"
"core.src.main.java.org.apache.calcite.rel.type.RelRecordType_java","1"
"core.src.main.java.org.apache.calcite.rex.RexDigestIncludeType_java","1"
"splunk.src.main.java.org.apache.calcite.adapter.splunk.SplunkTable_java","1"
"server.src.test.java.org.apache.calcite.avatica.AvaticaSpnegoTest_java","1"
"core.src.main.java.org.apache.calcite.adapter.enumerable.EnumerableMatchRule_java","1"
"druid.src.main.java.org.apache.calcite.adapter.druid.FloorOperatorConversion_java","1"
"core.src.main.java.org.apache.calcite.adapter.enumerable.NestedBlockBuilderImpl_java","1"
"core.src.main.java.org.apache.calcite.sql.fun.SqlRegrCountAggFunction_java","1"
"core.src.main.java.org.apache.calcite.jdbc.ContextSqlValidator_java","1"
"site._posts.2019-03-26-release-1_20_0_md","1"
"core.src.test.java.org.apache.calcite.sql.parser.SqlUnParserTest_java","1"
"geode.src.test.resources.model-zips_json","1"
"metrics-dropwizardmetrics3.src.main.java.org.apache.calcite.avatica.metrics.dropwizard3.DropwizardGauge_java","1"
"core.src.main.java.org.apache.calcite.plan.hep.HepInstruction_java","1"
"linq4j.src.main.java.org.apache.calcite.linq4j.tree.Evaluator_java","1"
"src.main.config.checkstyle.header_txt","1"
"core.src.main.java.org.apache.calcite.rel.core.TableFunctionScan_java","1"
"core.src.main.java.org.apache.calcite.rel.rules.IntersectToDistinctRule_java","1"
"piglet.src.main.java.org.apache.calcite.piglet.PigTypes_java","1"
"core.src.test.java.org.apache.calcite.test.SqlValidatorMatchTest_java","1"
"core.src.main.java.org.apache.calcite.sql.fun.SqlPosixRegexOperator_java","1"
"metrics-dropwizardmetrics3.src.main.java.org.apache.calcite.avatica.metrics.dropwizard3.DropwizardTimer_java","1"
"geode.src.main.java.org.apache.calcite.adapter.geode.rel.GeodeTableScan_java","1"
"core.src.main.java.org.apache.calcite.sql.fun.SqlRegexpReplaceFunction_java","1"
"metrics-dropwizardmetrics3.src.main.java.org.apache.calcite.avatica.metrics.dropwizard3.DropwizardMetricsSystemFactory_java","1"
"core.src.test.java.org.apache.calcite.test.HierarchySchema_java","1"
"core.src.main.java.org.apache.calcite.materialize.LatticeSpace_java","1"
"metrics-dropwizardmetrics.src.main.java.org.apache.calcite.avatica.metrics.dropwizard.DropwizardHistogram_java","1"
"core.src.main.java.org.apache.calcite.rel.core.SetOp_java","1"
"core.src.main.java.org.apache.calcite.rel.rules.SemiJoinProjectTransposeRule_java","1"
"core.src.main.java.org.apache.calcite.rel.RelInput_java","1"
"elasticsearch.src.test.java.org.apache.calcite.adapter.elasticsearch.ElasticsearchJsonTest_java","1"
"core.src.main.java.org.apache.calcite.rex.RexDynamicParam_java","1"
"core.src.main.java.org.apache.calcite.sql.validate.implicit.package-info_java","1"
"core.src.main.java.org.apache.calcite.sql.validate.CatalogScope_java","1"
"core.src.main.java.org.apache.calcite.rel.rules.JoinAssociateRule_java","1"
"piglet.src.main.java.org.apache.calcite.piglet.PigRelOpVisitor_java","1"
"core.src.main.java.org.apache.calcite.rel.rules.AggregateValuesRule_java","1"
"core.src.test.resources.sql.lateral_iq","1"
"core.src.main.java.org.apache.calcite.rel.externalize.RelXmlWriter_java","1"
"core.src.main.java.org.apache.calcite.plan.RelOptPredicateList_java","1"
"core.src.main.java.org.apache.calcite.rex.RexToSqlNodeConverterImpl_java","1"
"core.src.main.java.org.apache.calcite.plan.RelOptRuleCall_java","1"
"standalone-server.pom_xml","1"
"core.src.main.java.org.apache.calcite.rel.rules.ValuesReduceRule_java","1"
"core.src.main.java.org.apache.calcite.rel.rules.PruneEmptyRules_java","1"
"core.src.main.java.org.apache.calcite.sql.validate.SqlNameMatchers_java","1"
"pig.src.main.java.org.apache.calcite.adapter.pig.PigJoin_java","1"
"linq4j.src.test.java.org.apache.calcite.linq4j.MemoryEnumerableTest_java","1"
"core.src.main.java.org.apache.calcite.rel.rules.ProjectCorrelateTransposeRule_java","1"
"site._includes.news_item_html","1"
"core.src.main.java.org.apache.calcite.rel.metadata.RelMdColumnOrigins_java","1"
"core.src.main.java.org.apache.calcite.util.Holder_java","1"
"core.src.main.java.org.apache.calcite.rex.LogicVisitor_java","1"
"core.src.main.java.org.apache.calcite.sql.validate.implicit.TypeCoercions_java","1"
"core.src.main.java.org.apache.calcite.util.graph.AttributedDirectedGraph_java","1"
"core.src.main.java.org.apache.calcite.sql.type.SameOperandTypeChecker_java","1"
"linq4j.src.main.java.org.apache.calcite.linq4j.tree.ClassDeclarationFinder_java","1"
"core.src.main.java.org.apache.calcite.sql.util.ReflectiveSqlOperatorTable_java","1"
"core.src.main.java.org.apache.calcite.Demo_java","1"
"geode.src.main.java.org.apache.calcite.adapter.geode.rel.GeodeToEnumerableConverter_java","1"
"geode.src.test.resources.model-bookshop_json","1"
"metrics-dropwizardmetrics3.src.test.java.org.apache.calcite.avatica.metrics.dropwizard3.DropwizardCounterTest_java","1"
"metrics-dropwizardmetrics.src.main.java.org.apache.calcite.avatica.metrics.dropwizard.package-info_java","1"
"core.src.test.java.org.apache.calcite.plan.volcano.VolcanoPlannerTraitTest_java","1"
"site._posts.2019-03-26-release-1_19_0_md","1"
"core.src.main.java.org.apache.calcite.util.graph.BreadthFirstIterator_java","1"
"core.src.test.java.org.apache.calcite.adapter.enumerable.PhysTypeTest_java","1"
"core.src.main.java.org.apache.calcite.util.mapping.IntPair_java","1"
"core.src.test.java.org.apache.calcite.test.RexShuttleTest_java","1"
"core.src.test.java.org.apache.calcite.test.enumerable.EnumerableBatchNestedLoopJoinTest_java","1"
"core.src.main.java.org.apache.calcite.sql.fun.SqlHistogramAggFunction_java","1"
"core.src.main.java.org.apache.calcite.rel.metadata.RelMdPercentageOriginalRows_java","1"
"core.src.main.java.org.apache.calcite.sql.dialect.HsqldbSqlDialect_java","1"
"core.src.main.java.org.apache.calcite.rel.mutable.MutableTableFunctionScan_java","1"
"core.src.main.java.org.apache.calcite.interpreter.Nodes_java","1"
"core.src.main.java.org.apache.calcite.util.CompatibleGuava11_java","1"
"core.src.test.java.org.apache.calcite.test.WithLex_java","1"
"core.src.test.java.org.apache.calcite.test.SlowTests_java","1"
"core.src.main.java.org.apache.calcite.plan.RelTraitSet_java","1"
"core.src.main.java.org.apache.calcite.adapter.enumerable.EnumerableValues_java","1"
"druid.src.test.java.org.apache.calcite.adapter.druid.DruidQueryFilterTest_java","1"
"core.src.main.java.org.apache.calcite.rex.RexTransformer_java","1"
"linq4j.src.test.java.org.apache.calcite.linq4j.test.Linq4jSuite_java","1"
"core.src.main.java.org.apache.calcite.rel.mutable.MutableJoin_java","1"
"core.src.main.java.org.apache.calcite.rel.rules.AggregateRemoveRule_java","1"
"piglet.src.main.java.org.apache.calcite.piglet.PigUdfs_java","1"
"core.src.main.java.org.apache.calcite.rel.metadata.RelMdMaxRowCount_java","1"
"core.src.main.java.org.apache.calcite.runtime.SortedMultiMap_java","1"
"core.src.main.java.org.apache.calcite.rel.core.Snapshot_java","1"
"cassandra.src.main.java.org.apache.calcite.adapter.cassandra.CassandraProject_java","1"
"core.src.main.java.org.apache.calcite.plan.VisitorDataContext_java","1"
"core.src.main.java.org.apache.calcite.profile.Profiler_java","1"
"core.src.main.java.org.apache.calcite.avatica.DriverVersion_java","1"
"metrics-dropwizardmetrics3.src.main.java.org.apache.calcite.avatica.metrics.dropwizard3.DropwizardCounter_java","1"
"core.src.main.java.org.apache.calcite.sql.fun.OracleSqlOperatorTable_java","1"
"core.src.main.java.org.apache.calcite.util.graph.CycleDetector_java","1"
"core.src.main.java.org.apache.calcite.rel.core.Exchange_java","1"
"core.src.test.java.org.apache.calcite.sql.test.DefaultSqlTestFactory_java","1"
"core.src.main.java.org.apache.calcite.rel.core.Filter_java","1"
"core.src.main.java.org.apache.calcite.rel.rules.TableScanRule_java","1"
"core.src.test.java.org.apache.calcite.test.ScannableTableTest_java","1"
"core.src.test.java.org.apache.calcite.test.CoreQuidemTest_java","1"
"core.src.main.java.org.apache.calcite.rex.RexSqlReflectiveConvertletTable_java","1"
"druid.src.test.resources.druid-wiki-model_json","1"
"core.src.main.java.org.apache.calcite.rel.jdbc.package-info_java","1"
"core.src.main.java.org.apache.calcite.rel.logical.LogicalSortExchange_java","1"
"core.src.main.java.org.apache.calcite.sql.validate.implicit.AbstractTypeCoercion_java","1"
"core.src.main.java.org.apache.calcite.plan.RelTraitPropagationVisitor_java","1"
"linq4j.src.main.java.org.apache.calcite.linq4j.QueryProviderImpl_java","1"
"core.src.main.java.org.apache.calcite.plan.RelTraitDef_java","1"
"core.src.main.java.org.apache.calcite.sql.validate.SqlUserDefinedAggFunction_java","1"
"linq4j.src.main.java.org.apache.calcite.linq4j.MemoryEnumerator_java","1"
"server.src.test.java.org.apache.calcite.test.ServerUnParserTest_java","1"
"druid.src.test.resources.druid-wiki-no-columns-model_json","1"
"example.csv.src.main.java.org.apache.calcite.adapter.csv.JsonScannableTable_java","1"
"plus.src.main.java.org.apache.calcite.adapter.os.VmstatTableFunction_java","1"
"core.src.main.java.org.apache.calcite.adapter.enumerable.EnumerableTableModify_java","1"
"plus.src.test.java.org.apache.calcite.chinook.RemotePreparedStatementParametersTest_java","1"
"plus.src.main.java.org.apache.calcite.chinook.ConnectionFactory_java","1"
"core.src.main.java.org.apache.calcite.avatica.remote.AvaticaCommonsHttpClientImpl_java","1"
"core.src.test.java.org.apache.calcite.rel.logical.ToLogicalConverterTest_java","1"
"core.src.main.java.org.apache.calcite.rel.rules.MatchRule_java","1"
"geode.src.test.java.org.apache.calcite.adapter.geode.rel.GeodeAdapterIT_java","1"
"core.src.main.java.org.apache.calcite.rel.rules.ProjectTableScanRule_java","1"
"site._docs.materialized_views_md","1"
"linq4j.src.main.java.org.apache.calcite.linq4j.Linq4j_java","1"
"piglet.src.main.java.org.apache.calcite.piglet.PigRelExWalker_java","1"
"pig.src.test.resources.log4j_properties","1"
"core.src.main.java.org.apache.calcite.tools.Planner_java","1"
"core.src.main.java.org.apache.calcite.plan.volcano.VolcanoCost_java","1"
"core.src.main.java.org.apache.calcite.sql.fun.SqlCastOperator_java","1"
"metrics-dropwizardmetrics3.src.main.java.org.apache.calcite.avatica.metrics.dropwizard3.package-info_java","1"
"core.src.main.java.org.apache.calcite.materialize.MutableNode_java","1"
"core.src.main.java.org.apache.calcite.plan.RelImplementor_java","1"
"core.src.main.java.org.apache.calcite.sql2rel.NullInitializerExpressionFactory_java","1"
"core.src.main.java.org.apache.calcite.sql.type.AbstractSqlType_java","1"
"src.main.config.checkstyle.header_properties_txt","1"
"linq4j.src.main.java.org.apache.calcite.linq4j.LookupImpl_java","1"
"core.src.main.java.org.apache.calcite.avatica.proto.Common_java","1"
"core.src.main.java.org.apache.calcite.util.graph.DepthFirstIterator_java","1"
"plus.src.main.java.org.apache.calcite.adapter.tpcds.TpcdsSchema_java","1"
"core.src.main.java.org.apache.calcite.rel.rules.JoinUnionTransposeRule_java","1"
"geode.src.main.java.org.apache.calcite.adapter.geode.rel.GeodeRel_java","1"
"core.src.main.java.org.apache.calcite.util.ClosableAllocationOwner_java","1"
"site.develop.avatica_md","1"
"core.src.main.java.org.apache.calcite.rel.RelNode_java","1"
"file.src.test.java.org.apache.calcite.adapter.file.FileSuite_java","1"
"core.src.main.java.org.apache.calcite.sql.fun.SqlPositionFunction_java","1"
"core.src.main.java.org.apache.calcite.sql.type.SqlTypeTransforms_java","1"
"core.src.main.java.org.apache.calcite.sql.fun.SqlAvgAggFunction_java","1"
"core.src.main.java.org.apache.calcite.util.Pair_java","1"
"core.src.test.java.org.apache.calcite.test.ExceptionMessageTest_java","1"
"core.src.main.java.org.apache.calcite.util.Benchmark_java","1"
"core.src.main.java.org.apache.calcite.sql.type.SameOperandTypeExceptLastOperandChecker_java","1"
"core.src.main.java.org.apache.calcite.adapter.enumerable.EnumerableBatchNestedLoopJoinRule_java","1"
"core.src.main.java.org.apache.calcite.plan.RelOptListener_java","1"
"core.src.main.java.org.apache.calcite.sql.SqlSnapshot_java","1"
"site._docs.docker_images_md","1"
"core.src.main.java.org.apache.calcite.materialize.LatticeChildNode_java","1"
"server.src.main.java.org.apache.calcite.sql.ddl.SqlDropObject_java","1"
"src.main.config.checkstyle.header_java_txt","1"
"NOTICE","1"
"core.src.main.java.org.apache.calcite.adapter.enumerable.ReflectiveCallNotNullImplementor_java","1"
"core.src.main.java.org.apache.calcite.sql.advise.SqlAdvisorHint2_java","1"
"core.src.main.java.org.apache.calcite.sql.SqlDynamicParam_java","1"
"core.src.main.java.org.apache.calcite.plan.hep.HepProgram_java","1"
"core.src.main.java.org.apache.calcite.sql.type.ComparableOperandTypeChecker_java","1"
"noop-driver.pom_xml","1"
"splunk.src.main.java.org.apache.calcite.adapter.splunk.SplunkPushDownRule_java","1"
"server.src.test.resources.sql.table_iq","1"
"linq4j.src.test.java.org.apache.calcite.linq4j.test.InlinerTest_java","1"
"core.src.main.java.org.apache.calcite.plan.RelOptLattice_java","1"
"core.src.test.java.org.apache.calcite.test.SqlAdvisorJdbcTest_java","1"
"core.src.main.java.org.apache.calcite.util.PartiallyOrderedSet_java","1"
"elasticsearch.src.test.resources.log4j2_xml","1"
"core.src.main.java.org.apache.calcite.sql.type.SetopOperandTypeChecker_java","1"
"example.csv.src.test.resources.bug.archers_json","1"
"core.src.test.java.org.apache.calcite.sql.parser.parserextensiontesting.ExtensionSqlParserTest_java","1"
"site._docs.geode_adapter_md","1"
"server.src.main.java.org.apache.calcite.sql.ddl.SqlAttributeDefinition_java","1"
"core.src.test.java.org.apache.calcite.test.FoodMartQuerySet_java","1"
"core.src.main.java.org.apache.calcite.rel.externalize.RelEnumTypes_java","1"
"core.src.main.java.org.apache.calcite.prepare.QueryableRelBuilder_java","1"
"core.src.main.java.org.apache.calcite.sql.validate.SqlConformance_java","1"
"site._includes.header_html","1"
"core.src.main.java.org.apache.calcite.adapter.enumerable.EnumerableCorrelateRule_java","1"
"piglet.src.main.java.org.apache.calcite.piglet.PigRelUdfConverter_java","1"
"core.src.main.java.org.apache.calcite.adapter.jdbc.JdbcToEnumerableConverterRule_java","1"
"core.src.main.java.org.apache.calcite.adapter.jdbc.JdbcTableScan_java","1"
"core.src.main.java.org.apache.calcite.avatica.proto.Requests_java","1"
"core.src.main.java.org.apache.calcite.util.ImmutableNullableList_java","1"
"metrics-dropwizardmetrics3.src.main.java.org.apache.calcite.avatica.metrics.dropwizard3.DropwizardHistogram_java","1"
"src.main.config.dependency-check.suppressions_xml","1"
"tck.src.main.java.org.apache.calcite.avatica.tck.TestRunner_java","1"
"core.src.main.java.org.apache.calcite.util.graph.DefaultEdge_java","1"
"core.src.main.java.org.apache.calcite.rel.core.Values_java","1"
"core.src.main.java.org.apache.calcite.sql.SqlUnnestOperator_java","1"
"geode.src.test.java.org.apache.calcite.adapter.geode.rel.GeodeAssertions_java","1"
"core.src.test.java.org.apache.calcite.test.SqlStatisticProviderTest_java","1"
"core.src.test.resources.empty-model_yaml","1"
"core.src.main.java.org.apache.calcite.interpreter.TableScanNode_java","1"
"splunk.src.main.java.org.apache.calcite.adapter.splunk.SplunkQuery_java","1"
"example.csv.src.test.resources.filterable-model_yaml","1"
"mongodb.src.main.java.org.apache.calcite.adapter.mongodb.MongoToEnumerableConverter_java","1"
"piglet.src.main.java.org.apache.calcite.piglet.PigRelToSqlConverter_java","1"
"core.src.test.java.org.apache.calcite.adapter.clone.ArrayTableTest_java","1"
"docker.src.test.scripts.verify-dockerhub-dockerfile-version_groovy","1"
"core.src.main.java.org.apache.calcite.rel.stream.StreamRules_java","1"
"core.src.main.java.org.apache.calcite.adapter.Java9Workaround_java","1"
"core.src.main.java.org.apache.calcite.rel.rules.AggregateCaseToFilterRule_java","1"
"metrics-dropwizardmetrics.src.test.java.org.apache.calcite.avatica.metrics.dropwizard.DropwizardGaugeTest_java","1"
"geode.src.test.resources.model2_json","1"
"core.src.main.java.org.apache.calcite.interpreter.MatchNode_java","1"
"plus.src.main.java.org.apache.calcite.chinook.ChinookAvaticaServer_java","1"
"sqlline_bat","1"
"metrics-dropwizardmetrics3.pom_xml","1"
"plus.src.test.java.org.apache.calcite.adapter.tpch.TpchTest_java","1"
"core.src.main.java.org.apache.calcite.rex.RexAction_java","1"
"metrics-dropwizardmetrics3.src.main.java.org.apache.calcite.avatica.metrics.dropwizard3.DropwizardMetricsSystemConfiguration_java","1"
"pig.src.main.java.org.apache.calcite.adapter.pig.PigAggregate_java","1"
"geode.src.test.resources.model-geode-pg-federation_json","1"
"core.src.main.java.org.apache.calcite.sql.fun.SqlAbstractGroupFunction_java","1"
"core.src.main.java.org.apache.calcite.avatica.proto.Responses_java","1"
"spark.src.main.java.org.apache.calcite.adapter.spark.SparkToEnumerableConverter_java","1"
"geode.src.test.resources.model-bookshop-all_json","1"
"server.src.main.java.org.apache.calcite.sql.ddl.SqlCreateFunction_java","1"
"core.src.main.java.org.apache.calcite.sql.parser.SqlParseException_java","1"
"docker.src.main.dockerhub.hooks.build","1"
"src.main.config.forbidden-apis.signatures_txt","1"
"core.src.main.java.org.apache.calcite.util.Static_java","1"
"core.src.main.java.org.apache.calcite.util.graph.TopologicalOrderIterator_java","1"
"core.src.test.java.org.apache.calcite.util.graph.DirectedGraphTest_java","1"
"core.src.main.java.org.apache.calcite.sql.fun.SqlJsonRemoveFunction_java","1"
"metrics-dropwizardmetrics3.src.test.java.org.apache.calcite.avatica.metrics.dropwizard3.DropwizardGaugeTest_java","1"
"core.src.main.java.org.apache.calcite.util.EquivalenceSet_java","1"
"piglet.src.main.java.org.apache.calcite.piglet.PigRelOpWalker_java","1"
"core.src.main.java.org.apache.calcite.rex.RexFieldAccess_java","1"
"site.index_html","1"
"core.src.main.java.org.apache.calcite.sql.validate.SqlConformanceEnum_java","1"
"core.src.main.java.org.apache.calcite.statistic.MapSqlStatisticProvider_java","1"
"pig.src.main.java.org.apache.calcite.adapter.pig.PigRules_java","1"
"core.src.main.java.org.apache.calcite.util.ReflectUtil_java","1"
"cassandra.src.test.resources.model_json","1"
"geode.src.test.resources.model-with-classes_json","1"
"core.src.main.java.org.apache.calcite.sql.type.CompositeOperandTypeChecker_java","1"
"core.src.test.resources.hsqldb-foodmart-auto-lattice-model_json","1"
"core.src.main.java.org.apache.calcite.sql.dialect.VerticaSqlDialect_java","1"
"core.src.main.java.org.apache.calcite.rel.externalize.RelWriterImpl_java","1"
"core.src.main.java.org.apache.calcite.sql.type.SqlTypeFamily_java","1"
"core.src.test.java.org.apache.calcite.test.catalog.CountingFactory_java","1"
"piglet.src.main.java.org.apache.calcite.piglet.PigRelOpInnerVisitor_java","1"
"core.src.main.java.org.apache.calcite.adapter.enumerable.AggImpState_java","1"
"core.src.main.java.org.apache.calcite.sql.validate.DelegatingScope_java","1"
"cassandra.src.main.java.org.apache.calcite.adapter.cassandra.CassandraRel_java","1"
"linq4j.src.main.java.org.apache.calcite.linq4j.tree.TryStatement_java","1"
"linq4j.src.test.java.org.apache.calcite.linq4j.test.CorrelateJoinTest_java","1"
"core.src.main.java.org.apache.calcite.schema.Schema_java","1"
"core.src.test.java.org.apache.calcite.test.concurrent.ConcurrentTestCommandGenerator_java","1"
"core.src.main.java.org.apache.calcite.sql.SqlWindow_java","1"
"core.src.main.java.org.apache.calcite.rel.rules.SemiJoinRule_java","1"
"core.src.main.java.org.apache.calcite.sql.type.TableFunctionReturnTypeInference_java","1"
"core.src.main.java.org.apache.calcite.sql.SqlRankFunction_java","1"
"core.src.main.java.org.apache.calcite.plan.hep.HepRuleCall_java","1"
"core.src.test.java.org.apache.calcite.test.UdtTest_java","1"
"linq4j.src.main.java.org.apache.calcite.linq4j.ModularInteger_java","1"
"core.src.main.java.org.apache.calcite.util.Sources_java","1"
"core.src.test.java.org.apache.calcite.sql.parser.parserextensiontesting.SqlCreateTable_java","1"
"piglet.src.test.java.org.apache.calcite.test.PigScriptTest_java","1"
"core.src.main.java.org.apache.calcite.model.JsonSchema_java","1"
"core.src.main.java.org.apache.calcite.avatica.AvaticaConnection_java","1"
"core.src.main.java.org.apache.calcite.schema.TemporalTable_java","1"
"core.src.main.java.org.apache.calcite.schema.TransientTable_java","1"
"core.src.test.resources.log4j_properties","1"
"core.src.main.java.org.apache.calcite.rex.RexRangeRef_java","1"
"core.src.main.java.org.apache.calcite.sql.fun.SqlMonotonicBinaryOperator_java","1"
"mongodb.src.test.java.org.apache.calcite.adapter.mongodb.MongoDatabasePolicy_java","1"
"core.src.main.java.org.apache.calcite.util.javac.JavaCompilerArgs_java","1"
"core.src.main.java.org.apache.calcite.rel.mutable.MutableFilter_java","1"
"core.src.main.java.org.apache.calcite.sql.type.ImplicitCastOperandTypeChecker_java","1"
"site.docker-compose_yml","1"
"standalone-server.src.main.java.org.apache.calcite.avatica.standalone.StandaloneServer_java","1"
"core.src.main.java.org.apache.calcite.rex.RexCopier_java","1"
"core.src.test.java.org.apache.calcite.test.InduceGroupingTypeTest_java","1"
"druid.src.main.java.org.apache.calcite.adapter.druid.NaryOperatorConverter_java","1"
"linq4j.src.main.java.org.apache.calcite.linq4j.tree.ConstantExpression_java","1"
"core.src.main.java.org.apache.calcite.schema.impl.ViewTable_java","1"
"cassandra.src.main.java.org.apache.calcite.adapter.cassandra.CassandraRules_java","1"
"example.csv.src.test.resources.model_yaml","1"
"piglet.src.main.java.org.apache.calcite.piglet.PigToSqlAggregateRule_java","1"
"metrics-dropwizardmetrics.src.test.java.org.apache.calcite.avatica.metrics.dropwizard.DropwizardMetricsSystemFactoryTest_java","1"
"core.src.main.java.org.apache.calcite.rex.RexCorrelVariable_java","1"
"metrics-dropwizardmetrics3.src.main.resources.META-INF.services.org_apache_calcite_avatica_metrics_MetricsSystemFactory","1"
"core.src.test.java.org.apache.calcite.test.catalog.CompoundNameColumnResolver_java","1"
"core.src.main.java.org.apache.calcite.sql.advise.SqlAdvisorGetHintsFunction2_java","1"
"shaded.core.pom_xml","1"
"piglet.src.main.java.org.apache.calcite.piglet.PigTable_java","1"
"core.src.main.java.org.apache.calcite.rel.rules.SemiJoinRemoveRule_java","1"
"server.src.test.resources.sql.schema_iq","1"
"piglet.src.test.java.org.apache.calcite.test.PigRelExTest_java","1"
"geode.src.test.resources.book_customer_json","1"
"metrics-dropwizardmetrics.src.main.java.org.apache.calcite.avatica.metrics.dropwizard.DropwizardTimer_java","1"
"metrics-dropwizardmetrics3.src.test.java.org.apache.calcite.avatica.metrics.dropwizard3.DropwizardMetricsSystemFactoryTest_java","1"
"core.src.main.java.org.apache.calcite.rel.rules.ProjectMultiJoinMergeRule_java","1"
"site._posts.2017-03-31-new-avatica-repository_md","1"
"cassandra.src.main.java.org.apache.calcite.adapter.cassandra.CassandraSort_java","1"
"core.src.main.java.org.apache.calcite.rel.core.Uncollect_java","1"
"docker.src.main.dockerhub.Dockerfile","1"
"core.src.main.java.org.apache.calcite.plan.RelOptNode_java","1"
"core.src.main.java.org.apache.calcite.sql.SqlPostfixOperator_java","1"
"core.src.main.java.org.apache.calcite.util.Permutation_java","1"
"core.src.main.java.org.apache.calcite.util.SourceStringReader_java","1"
"core.src.main.java.org.apache.calcite.rel.rules.JoinPushExpressionsRule_java","1"
"server.src.main.java.org.apache.calcite.sql.ddl.SqlDropFunction_java","1"
"core.src.main.java.org.apache.calcite.runtime.Hook_java","1"
"core.src.main.java.org.apache.calcite.schema.impl.ListTransientTable_java","1"
"core.src.main.java.org.apache.calcite.jdbc.CalcitePrepare_java","1"
"piglet.src.main.java.org.apache.calcite.piglet.DynamicTupleRecordType_java","1"
"core.src.main.java.org.apache.calcite.plan.ViewExpanders_java","1"
"plus.src.main.resources.chinook.chinook_json","1"
"file.src.test.resources.sales-json.EMPS_json","1"
"core.src.main.java.org.apache.calcite.sql.SqlBasicCall_java","1"
"geode.src.main.java.org.apache.calcite.adapter.geode.rel.GeodeProject_java","1"
"example.csv.src.main.java.org.apache.calcite.adapter.csv.CsvSchema_java","1"
"core.src.main.java.org.apache.calcite.util.DelegatingInvocationHandler_java","1"
"src.main.config.assemblies.source-assembly_xml","1"
"core.src.main.java.org.apache.calcite.adapter.enumerable.EnumerableTableFunctionScan_java","1"
"piglet.src.main.java.org.apache.calcite.piglet.PigConverter_java","1"
"cassandra.src.main.java.org.apache.calcite.adapter.cassandra.CassandraFilter_java","1"
"core.src.main.java.org.apache.calcite.plan.TableAccessMap_java","1"
"core.src.main.java.org.apache.calcite.sql.SqlOperatorTable_java","1"
"core.src.main.java.org.apache.calcite.avatica.util.DateTimeUtils_java","1"
"core.src.test.java.org.apache.calcite.sql.validate.LexEscapeTest_java","1"
"core.src.main.java.org.apache.calcite.materialize.Path_java","1"
"kafka.src.main.java.org.apache.calcite.adapter.kafka.package-info_java","1"
"druid.src.main.java.org.apache.calcite.adapter.druid.DruidTableFactory_java","1"
"druid.src.main.java.org.apache.calcite.adapter.druid.CeilOperatorConversion_java","1"
"linq4j.src.main.java.org.apache.calcite.linq4j.tree.OptimizeShuttle_java","1"
"geode.src.test.resources.book_master_json","1"
"linq4j.src.main.java.org.apache.calcite.linq4j.JoinType_java","1"
"core.src.main.java.org.apache.calcite.sql.fun.SqlSumAggFunction_java","1"
"core.src.main.java.org.apache.calcite.rel.metadata.RelMetadataQuery_java","1"
"spark.src.main.java.org.apache.calcite.adapter.spark.SparkMethod_java","1"
"core.src.main.java.org.apache.calcite.sql.validate.AliasNamespace_java","1"
"site._docs.lattice_md","1"
"plus.src.test.resources.sql.cross-join-lateral_iq","1"
"core.src.main.java.org.apache.calcite.util.CompositeMap_java","1"
"druid.src.main.java.org.apache.calcite.adapter.druid.DruidSchema_java","1"
"core.src.main.java.org.apache.calcite.sql.type.JavaToSqlTypeConversionRules_java","1"
"example.csv.src.main.java.org.apache.calcite.adapter.csv.CsvEnumerator_java","1"
"core.src.main.java.org.apache.calcite.sql.fun.SqlAnyValueAggFunction_java","1"
"file.src.test.resources.sales-json.DATE_csv","1"
"core.src.main.java.org.apache.calcite.plan.AbstractRelOptPlanner_java","1"
"linq4j.src.main.java.org.apache.calcite.linq4j.Ord_java","1"
"core.src.main.java.org.apache.calcite.rel.RelWriter_java","1"
"core.src.main.java.org.apache.calcite.sql.SqlWithinGroupOperator_java","1"
"server.src.main.java.org.apache.calcite.avatica.server.PropertyBasedSpnegoLoginService_java","1"
"core.src.main.java.org.apache.calcite.sql.SqlPrefixOperator_java","1"
"core.src.main.java.org.apache.calcite.plan.MulticastRelOptListener_java","1"
"core.src.main.java.org.apache.calcite.sql.dialect.RedshiftSqlDialect_java","1"
"tck.pom_xml","1"
"example.csv.src.test.resources.smart_yaml","1"
"site._docs.tutorial_md","1"
"linq4j.src.main.java.org.apache.calcite.linq4j.MemoryFactory_java","1"
"example.function.src.test.resources.model_yaml","1"
"site._posts.2018-07-20-release-1_17_0_md","1"
"core.src.main.java.org.apache.calcite.rel.mutable.MutableMultiRel_java","1"
"core.src.test.java.org.apache.calcite.sql.test.SqlValidatorTester_java","1"
"src.main.config.checkstyle.header_xml_txt","1"
"core.src.test.java.org.apache.calcite.test.SqlLineTest_java","1"
"geode.src.test.resources.zips-mini_json","1"
"metrics-dropwizardmetrics.src.test.java.org.apache.calcite.avatica.metrics.dropwizard.DropwizardMeterTest_java","1"
"core.src.main.java.org.apache.calcite.adapter.jdbc.JdbcCatalogSchema_java","1"
"splunk.src.main.java.org.apache.calcite.adapter.splunk.util.StringUtils_java","1"
"core.src.main.java.org.apache.calcite.sql.fun.SqlInOperator_java","1"
"metrics-dropwizardmetrics3.src.test.java.org.apache.calcite.avatica.metrics.dropwizard3.DropwizardTimerTest_java","1"
"core.src.main.java.org.apache.calcite.adapter.enumerable.EnumerableCollect_java","1"
"core.src.main.java.org.apache.calcite.adapter.enumerable.BasicAggregateLambdaFactory_java","1"
"example.csv.src.test.resources.model-stream-table_yaml","1"
"core.src.main.java.org.apache.calcite.rel.type.RelDataTypeImpl_java","1"
"core.src.main.java.org.apache.calcite.rel.rules.FilterTableFunctionTransposeRule_java","1"
"core.src.test.java.org.apache.calcite.sql.test.DelegatingSqlTestFactory_java","1"
"metrics-dropwizardmetrics.src.main.java.org.apache.calcite.avatica.metrics.dropwizard.DropwizardMetricsSystemFactory_java","1"
"mongodb.src.main.java.org.apache.calcite.adapter.mongodb.MongoSort_java","1"
"core.src.main.java.org.apache.calcite.rel.metadata.RelMdSelectivity_java","1"
"core.src.main.java.org.apache.calcite.prepare.CalciteSqlValidator_java","1"
"metrics-dropwizardmetrics3.src.main.java.org.apache.calcite.avatica.metrics.dropwizard3.DropwizardMetricsSystem_java","1"
"core.src.main.java.org.apache.calcite.rel.type.RelDataTypeSystemImpl_java","1"
"core.src.main.java.org.apache.calcite.rex.RexPattern_java","1"
"core.src.main.java.org.apache.calcite.sql2rel.SqlNodeToRexConverterImpl_java","1"
"core.src.main.java.org.apache.calcite.util.JsonBuilder_java","1"
"site.img.logo_svg","1"
"core.src.main.java.org.apache.calcite.sql.SqlOverOperator_java","1"
"core.src.test.java.org.apache.calcite.plan.volcano.PlannerTests_java","1"
"linq4j.src.main.java.org.apache.calcite.linq4j.QueryableDefaults_java","1"
"core.src.main.java.org.apache.calcite.sql.SqlCharStringLiteral_java","1"
"linq4j.src.main.java.org.apache.calcite.linq4j.AbstractEnumerable2_java","1"
"mongodb.src.main.java.org.apache.calcite.adapter.mongodb.MongoFilter_java","1"
"core.src.main.java.org.apache.calcite.sql2rel.AuxiliaryConverter_java","1"
"geode.src.test.resources.log4j_properties","1"
"druid.src.test.java.org.apache.calcite.test.DruidDateRangeRulesTest_java","1"
"core.src.main.java.org.apache.calcite.profile.ProfilerImpl_java","1"
"elasticsearch.src.test.java.org.apache.calcite.adapter.elasticsearch.QueryBuildersTest_java","1"
"core.src.main.java.org.apache.calcite.adapter.enumerable.AggregateLambdaFactory_java","1"
"core.src.main.java.org.apache.calcite.sql.SqlNullTreatmentOperator_java","1"
"babel.src.test.java.org.apache.calcite.test.BabelTest_java","1"
"elasticsearch.src.test.java.org.apache.calcite.adapter.elasticsearch.ProjectionTest_java","1"
"core.src.test.java.org.apache.calcite.test.JdbcFrontJdbcBackTest_java","1"
"piglet.src.test.resources.testPig_pig","1"
"splunk.src.main.java.org.apache.calcite.adapter.splunk.SplunkTableScan_java","1"
"file.src.main.java.org.apache.calcite.adapter.file.FileSchema_java","1"
"core.src.main.java.org.apache.calcite.materialize.LatticeTable_java","1"
"core.src.main.java.org.apache.calcite.util.UnmodifiableArrayList_java","1"
"piglet.src.test.resources.log4j_properties","1"
"metrics-dropwizardmetrics.src.main.java.org.apache.calcite.avatica.metrics.dropwizard.DropwizardGauge_java","1"
"metrics-dropwizardmetrics3.src.test.java.org.apache.calcite.avatica.metrics.dropwizard3.DropwizardHistogramTest_java","1"
"core.src.main.java.org.apache.calcite.util.Optionality_java","1"
"core.src.main.java.org.apache.calcite.plan.RelOptPlanner_java","1"
"core.src.main.java.org.apache.calcite.sql.validate.AggFinder_java","1"
"linq4j.src.main.java.org.apache.calcite.linq4j.tree.Visitor_java","1"
"core.src.main.java.org.apache.calcite.util.ImmutableBitSet_java","1"
"geode.src.main.java.org.apache.calcite.adapter.geode.simple.GeodeSimpleSchema_java","1"
"core.src.main.java.org.apache.calcite.rel.rules.CalcMergeRule_java","1"
"core.src.main.java.org.apache.calcite.schema.impl.ScalarFunctionImpl_java","1"
"core.src.main.java.org.apache.calcite.sql.type.FamilyOperandTypeChecker_java","1"
"core.src.main.java.org.apache.calcite.adapter.enumerable.EnumerableLimitRule_java","1"
"core.src.main.java.org.apache.calcite.runtime.DeterministicAutomaton_java","1"
"metrics-dropwizardmetrics.src.main.java.org.apache.calcite.avatica.metrics.dropwizard.DropwizardMetricsSystem_java","1"
"core.src.test.java.org.apache.calcite.sql.validate.LexCaseSensitiveTest_java","1"
"core.src.test.java.org.apache.calcite.sql.test.SqlRuntimeTester_java","1"
"druid.src.test.java.org.apache.calcite.test.DruidChecker_java","1"
"core.src.main.java.org.apache.calcite.adapter.enumerable.BasicLazyAccumulator_java","1"
"core.src.main.java.org.apache.calcite.sql.type.InferTypes_java","1"
"core.src.main.java.org.apache.calcite.rel.rules.MaterializedViewFilterScanRule_java","1"
"core.src.main.java.org.apache.calcite.rel.logical.LogicalWindow_java","1"
"core.src.test.java.org.apache.calcite.prepare.LookupOperatorOverloadsTest_java","1"
"metrics-dropwizardmetrics.src.test.java.org.apache.calcite.avatica.metrics.dropwizard.DropwizardMetricsSystemTest_java","1"
"core.src.test.java.org.apache.calcite.test.TypeCoercionTest_java","1"
"metrics-dropwizardmetrics.src.main.resources.META-INF.services.org_apache_calcite_avatica_metrics_MetricsSystemFactory","1"
"druid.src.main.java.org.apache.calcite.adapter.druid.ExtractionDimensionSpec_java","1"
"core.src.main.java.org.apache.calcite.adapter.jdbc.JdbcTable_java","1"
"pig.src.test.java.org.apache.calcite.test.AbstractPigTest_java","1"
"core.src.main.java.org.apache.calcite.sql.validate.SqlValidatorTable_java","1"
"core.src.main.java.org.apache.calcite.adapter.enumerable.LazyAggregateLambdaFactory_java","1"
"core.src.main.java.org.apache.calcite.sql.SqlJdbcDataTypeName_java","1"
"mongodb.src.main.java.org.apache.calcite.adapter.mongodb.MongoRel_java","1"
"site._data.docs_yml","1"
"elasticsearch.src.main.java.org.apache.calcite.adapter.elasticsearch.AbstractElasticsearchTable_java","1"
"core.src.test.java.org.apache.calcite.test.catalog.CompoundNameColumn_java","1"
"mongodb.src.main.java.org.apache.calcite.adapter.mongodb.MongoSchema_java","1"
"example.csv.src.test.resources.bug.ARCHERS_json","1"
"core.src.main.java.org.apache.calcite.sql.SqlLiteral_java","1"
"metrics.pom_xml","1"
"core.src.main.java.org.apache.calcite.sql.fun.SqlTimestampAddFunction_java","1"
"example.csv.src.test.resources.order-stream-table_yaml","1"
"core.src.test.java.org.apache.calcite.test.enumerable.EnumerableHashJoinTest_java","1"
"elasticsearch.src.main.java.org.apache.calcite.adapter.elasticsearch.QueryBuilders_java","1"
"metrics-dropwizardmetrics.src.main.java.org.apache.calcite.avatica.metrics.dropwizard.DropwizardMeter_java","1"
"core.src.main.java.org.apache.calcite.sql.dialect.SnowflakeSqlDialect_java","1"
"core.src.test.java.org.apache.calcite.runtime.DeterministicAutomatonTest_java","1"
"geode.src.test.resources.model_json","1"
"src.main.config.spotbugs.spotbugs-filter_xml","1"
"example.csv.src.test.resources.bug_yaml","1"
"core.src.main.java.org.apache.calcite.sql.fun.SqlTimestampDiffFunction_java","1"
"core.src.main.java.org.apache.calcite.adapter.enumerable.EnumerableRel_java","1"
"linq4j.src.main.java.org.apache.calcite.linq4j.MemoryEnumerable_java","1"
"core.src.main.java.org.apache.calcite.schema.ColumnStrategy_java","1"
"piglet.src.main.java.org.apache.calcite.piglet.PigRelExVisitor_java","1"
"core.src.test.resources.org.apache.calcite.test.TypeCoercionConverterTest_xml","1"
"core.src.main.java.org.apache.calcite.sql.fun.SqlBaseContextVariable_java","1"
"core.src.main.java.org.apache.calcite.materialize.LatticeRootNode_java","1"
"site._posts.2018-12-21-release-1_18_0_md","1"
"core.src.main.java.org.apache.calcite.rel.logical.LogicalSnapshot_java","1"
"core.src.main.java.org.apache.calcite.statistic.QuerySqlStatisticProvider_java","1"
"linq4j.src.main.java.org.apache.calcite.linq4j.EnumerableQueryable_java","1"
"core.src.test.java.org.apache.calcite.test.SqlToRelConverterExtendedTest_java","1"
"core.src.main.java.org.apache.calcite.rel.logical.LogicalTableFunctionScan_java","1"
"metrics-dropwizardmetrics.src.test.java.org.apache.calcite.avatica.metrics.dropwizard.DropwizardCounterTest_java","1"
"core.src.main.java.org.apache.calcite.sql.fun.SqlLibrary_java","1"
"example.csv.src.test.resources.model-with-view_yaml","1"
"pig.src.main.java.org.apache.calcite.adapter.pig.PigTableScan_java","1"
"plus.src.main.java.org.apache.calcite.chinook.CodesFunction_java","1"
"druid.src.main.java.org.apache.calcite.adapter.druid.DruidTable_java","1"
"metrics-dropwizardmetrics.src.test.java.org.apache.calcite.avatica.metrics.dropwizard.DropwizardTimerTest_java","1"
"core.src.main.java.org.apache.calcite.sql.util.SqlShuttle_java","1"
"core.src.main.java.org.apache.calcite.plan.RelOptQuery_java","1"
"core.src.main.java.org.apache.calcite.rel.metadata.RelMdDistribution_java","1"
"pig.src.test.java.org.apache.calcite.test.PigAdapterTest_java","1"
"core.src.test.java.org.apache.calcite.test.JdbcFrontJdbcBackLinqMiddleTest_java","1"
"piglet.src.main.java.org.apache.calcite.piglet.PigRelBuilder_java","1"
"core.src.main.java.org.apache.calcite.sql.fun.SqlNtileAggFunction_java","1"
