.github/ISSUE_TEMPLATE/bug_report.md,.github/ISSUE_TEMPLATE.md
docs/pages/pmd/devdocs/rule_deprecation.md,docs/pages/pmd/userdocs/extending/rule_deprecation.md
docs/pages/pmd/userdocs/cpd/cpd.md,docs/pages/pmd/userdocs/cpd.md
docs/pages/pmd/userdocs/extending/your_first_rule.md,docs/pages/pmd/userdocs/extending/designer_intro.md
pmd-apex-jorje/repo/apex/apex-jorje-lsp-minimized/2019-11-07-964d4a/apex-jorje-lsp-minimized-2019-11-07-964d4a.jar,pmd-apex-jorje/repo/apex/apex-jorje-lsp-minimized/2019-01-18-a041d7/apex-jorje-lsp-minimized-2019-01-18-a041d7.jar
pmd-apex-jorje/repo/apex/apex-jorje-lsp-minimized/2019-11-07-964d4a/apex-jorje-lsp-minimized-2019-11-07-964d4a.pom,pmd-apex-jorje/repo/apex/apex-jorje-lsp-minimized/2019-01-18-a041d7/apex-jorje-lsp-minimized-2019-01-18-a041d7.pom
pmd-apex/src/main/java/net/sourceforge/pmd/lang/apex/rule/codestyle/AbstractNamingConventionsRule.java,pmd-apex/src/main/java/net/sourceforge/pmd/lang/apex/rule/codestyle/AbstractRegexNamingConventionsRule.java
pmd-apex/src/main/java/net/sourceforge/pmd/lang/apex/rule/codestyle/FieldNamingConventionsRule.java,pmd-apex/src/main/java/net/sourceforge/pmd/lang/apex/rule/codestyle/FieldRegexNamingConventionsRule.java
pmd-apex/src/main/java/net/sourceforge/pmd/lang/apex/rule/codestyle/FormalParameterNamingConventionsRule.java,pmd-apex/src/main/java/net/sourceforge/pmd/lang/apex/rule/codestyle/FormalParameterRegexNamingConventionsRule.java
pmd-apex/src/main/java/net/sourceforge/pmd/lang/apex/rule/codestyle/LocalVariableNamingConventionsRule.java,pmd-apex/src/main/java/net/sourceforge/pmd/lang/apex/rule/codestyle/LocalVariableRegexNamingConventionsRule.java
pmd-apex/src/main/java/net/sourceforge/pmd/lang/apex/rule/codestyle/PropertyNamingConventionsRule.java,pmd-apex/src/main/java/net/sourceforge/pmd/lang/apex/rule/codestyle/PropertyRegexNamingConventionsRule.java
pmd-apex/src/main/java/net/sourceforge/pmd/lang/apex/rule/design/AbstractCounterCheckRule.java,pmd-apex/src/main/java/net/sourceforge/pmd/lang/apex/rule/design/AbstractExcessiveLengthRule.java
pmd-apex/src/main/java/net/sourceforge/pmd/lang/apex/rule/errorprone/ApexCSRFRule.java,pmd-apex/src/main/java/net/sourceforge/pmd/lang/apex/rule/security/ApexCSRFRule.java
pmd-apex/src/test/java/net/sourceforge/pmd/lang/apex/rule/codestyle/FieldNamingConventionsTest.java,pmd-apex/src/test/java/net/sourceforge/pmd/lang/apex/rule/codestyle/ClassRegexNamingConventionsTest.java
pmd-apex/src/test/java/net/sourceforge/pmd/lang/apex/rule/codestyle/FormalParameterNamingConventionsTest.java,pmd-apex/src/test/java/net/sourceforge/pmd/lang/apex/rule/codestyle/MethodRegexNamingConventionsTest.java
pmd-apex/src/test/java/net/sourceforge/pmd/lang/apex/rule/codestyle/LocalVariableNamingConventionsTest.java,pmd-apex/src/test/java/net/sourceforge/pmd/lang/apex/rule/codestyle/PropertyRegexNamingConventionsTest.java
pmd-apex/src/test/java/net/sourceforge/pmd/lang/apex/rule/codestyle/PropertyNamingConventionsTest.java,pmd-apex/src/test/java/net/sourceforge/pmd/lang/apex/rule/codestyle/FieldRegexNamingConventionsTest.java
pmd-apex/src/test/java/net/sourceforge/pmd/lang/apex/rule/errorprone/ApexCSRFTest.java,pmd-apex/src/test/java/net/sourceforge/pmd/lang/apex/rule/security/ApexCSRFTest.java
pmd-apex/src/test/resources/net/sourceforge/pmd/lang/apex/rule/bestpractices/xml/DebugsShouldUseLoggingLevel.xml,pmd-apex/src/test/resources/net/sourceforge/pmd/lang/apex/rule/bestpractices/xml/DebugsShouldSpecifyLoggingLevel.xml
pmd-apex/src/test/resources/net/sourceforge/pmd/lang/apex/rule/codestyle/xml/FieldNamingConventions.xml,pmd-apex/src/test/resources/net/sourceforge/pmd/lang/apex/rule/codestyle/xml/FieldRegexNamingConventions.xml
pmd-apex/src/test/resources/net/sourceforge/pmd/lang/apex/rule/codestyle/xml/FormalParameterNamingConventions.xml,pmd-apex/src/test/resources/net/sourceforge/pmd/lang/apex/rule/codestyle/xml/FormalParameterRegexNamingConventions.xml
pmd-apex/src/test/resources/net/sourceforge/pmd/lang/apex/rule/codestyle/xml/LocalVariableNamingConventions.xml,pmd-apex/src/test/resources/net/sourceforge/pmd/lang/apex/rule/codestyle/xml/LocalVariableRegexNamingConventions.xml
pmd-apex/src/test/resources/net/sourceforge/pmd/lang/apex/rule/codestyle/xml/PropertyNamingConventions.xml,pmd-apex/src/test/resources/net/sourceforge/pmd/lang/apex/rule/codestyle/xml/PropertyRegexNamingConventions.xml
pmd-apex/src/test/resources/net/sourceforge/pmd/lang/apex/rule/errorprone/xml/ApexCSRF.xml,pmd-apex/src/test/resources/net/sourceforge/pmd/lang/apex/rule/security/xml/ApexCSRF.xml
pmd-core/src/main/java/net/sourceforge/pmd/cpd/internal/AntlrTokenizer.java,pmd-core/src/main/java/net/sourceforge/pmd/cpd/AntlrTokenizer.java
pmd-core/src/main/java/net/sourceforge/pmd/internal/RulesetStageDependencyHelper.java,pmd-core/src/main/java/net/sourceforge/pmd/internal/util/RulesetStageDependencyHelper.java
pmd-core/src/main/java/net/sourceforge/pmd/internal/util/FileExtensionFilter.java,pmd-core/src/main/java/net/sourceforge/pmd/util/filter/FileExtensionFilter.java
pmd-core/src/main/java/net/sourceforge/pmd/lang/ast/AstAnalysisContext.java,pmd-core/src/main/java/net/sourceforge/pmd/lang/ast/AstAnalysisConfiguration.java
pmd-core/src/main/java/net/sourceforge/pmd/lang/ast/impl/AbstractNode.java,pmd-core/src/main/java/net/sourceforge/pmd/lang/ast/AbstractNode.java
pmd-core/src/main/java/net/sourceforge/pmd/lang/ast/impl/AbstractNodeWithTextCoordinates.java,pmd-core/src/main/java/net/sourceforge/pmd/lang/ast/AbstractNodeWithTextCoordinates.java
pmd-core/src/main/java/net/sourceforge/pmd/lang/ast/impl/RichCharSequence.java,pmd-core/src/main/java/net/sourceforge/pmd/lang/ast/internal/RichCharSequence.java
pmd-core/src/main/java/net/sourceforge/pmd/lang/ast/impl/SharingCharSeq.java,pmd-core/src/main/java/net/sourceforge/pmd/lang/ast/internal/SharingCharSeq.java
pmd-core/src/main/java/net/sourceforge/pmd/lang/ast/impl/antlr4/AbstractAntlrVisitor.java,pmd-core/src/main/java/net/sourceforge/pmd/lang/antlr/AbstractAntlrVisitor.java
pmd-core/src/main/java/net/sourceforge/pmd/lang/ast/impl/antlr4/AntlrBaseNode.java,pmd-core/src/main/java/net/sourceforge/pmd/lang/ast/AntlrBaseNode.java
pmd-core/src/main/java/net/sourceforge/pmd/lang/ast/impl/antlr4/AntlrBaseParser.java,pmd-core/src/main/java/net/sourceforge/pmd/lang/antlr/AntlrBaseParser.java
pmd-core/src/main/java/net/sourceforge/pmd/lang/ast/impl/antlr4/AntlrNode.java,pmd-core/src/main/java/net/sourceforge/pmd/lang/ast/AntlrNode.java
pmd-core/src/main/java/net/sourceforge/pmd/lang/ast/impl/antlr4/AntlrRuleChainVisitor.java,pmd-core/src/main/java/net/sourceforge/pmd/lang/antlr/AntlrRuleChainVisitor.java
pmd-core/src/main/java/net/sourceforge/pmd/lang/ast/impl/antlr4/AntlrRuleViolationFactory.java,pmd-core/src/main/java/net/sourceforge/pmd/lang/antlr/AntlrRuleViolationFactory.java
pmd-core/src/main/java/net/sourceforge/pmd/lang/ast/impl/antlr4/AntlrToken.java,pmd-core/src/main/java/net/sourceforge/pmd/cpd/token/AntlrToken.java
pmd-core/src/main/java/net/sourceforge/pmd/lang/ast/impl/antlr4/AntlrTokenManager.java,pmd-core/src/main/java/net/sourceforge/pmd/lang/antlr/AntlrTokenManager.java
pmd-core/src/main/java/net/sourceforge/pmd/lang/ast/impl/javacc/AbstractJjtreeNode.java,pmd-core/src/main/java/net/sourceforge/pmd/lang/java/ast/impl/javacc/AbstractJjtreeNode.java
pmd-core/src/main/java/net/sourceforge/pmd/lang/ast/impl/javacc/JavaCharStream.java,pmd-core/src/main/java/net/sourceforge/pmd/lang/ast/impl/JavaCharStream.java
pmd-core/src/main/java/net/sourceforge/pmd/lang/ast/impl/javacc/JavaccToken.java,pmd-core/src/main/java/net/sourceforge/pmd/lang/ast/impl/JavaccToken.java
pmd-core/src/main/java/net/sourceforge/pmd/lang/ast/xpath/internal/DeprecatedAttribute.java,pmd-core/src/main/java/net/sourceforge/pmd/lang/ast/xpath/DeprecatedAttribute.java
pmd-core/src/main/java/net/sourceforge/pmd/lang/rule/impl/DefaultRuleViolationFactory.java,pmd-core/src/main/java/net/sourceforge/pmd/lang/rule/DefaultRuleViolationFactory.java
pmd-core/src/main/java/net/sourceforge/pmd/lang/rule/xpath/internal/SaxonExprVisitor.java,pmd-core/src/main/java/net/sourceforge/pmd/lang/rule/xpath/internal/Visitor.java
pmd-core/src/test/java/net/sourceforge/pmd/internal/StageDependencyTest.java,pmd-core/src/test/java/net/sourceforge/pmd/processor/StageDependencyTest.java
pmd-core/src/test/java/net/sourceforge/pmd/lang/ast/BoundaryTraversalTest.java,pmd-core/src/test/java/net/sourceforge/pmd/lang/ast/AbstractNodeTransversalTest.java
pmd-core/src/test/java/net/sourceforge/pmd/lang/ast/impl/AbstractNodeTest.java,pmd-core/src/test/java/net/sourceforge/pmd/lang/ast/AbstractNodeTest.java
pmd-core/src/test/java/net/sourceforge/pmd/lang/ast/impl/DummyTreeUtil.java,pmd-core/src/test/java/net/sourceforge/pmd/lang/ast/DummyTreeUtil.java
pmd-core/src/test/java/net/sourceforge/pmd/lang/ast/internal/NodeStreamBlanketTest.java,pmd-core/src/test/java/net/sourceforge/pmd/lang/ast/internal/NodeStreamImplTest.java
pmd-core/src/test/java/net/sourceforge/pmd/lang/ast/internal/NodeStreamTest.java,pmd-core/src/test/java/net/sourceforge/pmd/lang/ast/NodeStreamTest.java
pmd-core/src/test/java/net/sourceforge/pmd/lang/rule/DefaultRuleViolationFactoryTest.java,pmd-core/src/test/java/net/sourceforge/pmd/lang/rule/AbstractRuleViolationFactoryTest.java
pmd-core/src/test/java/net/sourceforge/pmd/renderers/AbstractRendererTest.java,pmd-core/src/test/java/net/sourceforge/pmd/renderers/AbstractRendererTst.java
pmd-cpp/etc/grammar/Cpp.jj,pmd-cpp/etc/grammar/cpp.jj
pmd-cpp/src/main/java/net/sourceforge/pmd/lang/cpp/ast/CppCharStream.java,pmd-cpp/src/main/java/net/sourceforge/pmd/lang/cpp/CppCharStream.java
pmd-cpp/src/main/java/net/sourceforge/pmd/lang/cpp/ast/CppTokenManager.java,pmd-cpp/src/main/java/net/sourceforge/pmd/lang/cpp/CppTokenManager.java
pmd-cpp/src/test/java/net/sourceforge/pmd/lang/cpp/ast/CppCharStreamTest.java,pmd-cpp/src/test/java/net/sourceforge/pmd/lang/cpp/CppCharStreamTest.java
pmd-dist/src/test/resources/sample-source/java/JumbledIncrementer.java,pmd-dist/src/test/resources/sample-source/JumbledIncrementer.java
pmd-java/src/main/java/net/sourceforge/pmd/lang/java/ast/ASTArrayAllocation.java,pmd-java/src/main/java/net/sourceforge/pmd/lang/java/ast/ASTArrayCreationExpression.java
pmd-java/src/main/java/net/sourceforge/pmd/lang/java/ast/ASTArrayDimensions.java,pmd-java/src/main/java/net/sourceforge/pmd/lang/java/ast/ASTArrayTypeDims.java
pmd-java/src/main/java/net/sourceforge/pmd/lang/java/ast/ASTCatchClause.java,pmd-java/src/main/java/net/sourceforge/pmd/lang/java/ast/ASTCatchStatement.java
pmd-java/src/main/java/net/sourceforge/pmd/lang/java/ast/ASTConstructorCall.java,pmd-java/src/main/java/net/sourceforge/pmd/lang/java/ast/ASTClassInstanceCreationExpression.java
pmd-java/src/main/java/net/sourceforge/pmd/lang/java/ast/ASTFinallyClause.java,pmd-java/src/main/java/net/sourceforge/pmd/lang/java/ast/ASTFinallyStatement.java
pmd-java/src/main/java/net/sourceforge/pmd/lang/java/ast/ASTRecordComponentList.java,pmd-java/src/main/java/net/sourceforge/pmd/lang/java/ast/ASTRecordComponents.java
pmd-java/src/main/java/net/sourceforge/pmd/lang/java/ast/ASTVariableAccess.java,pmd-java/src/main/java/net/sourceforge/pmd/lang/java/ast/ASTVariableReference.java
pmd-java/src/main/java/net/sourceforge/pmd/lang/java/ast/AbstractLateInitNode.java,pmd-java/src/main/java/net/sourceforge/pmd/lang/java/ast/LateInitNode.java
pmd-java/src/main/java/net/sourceforge/pmd/lang/java/ast/AssignmentOp.java,pmd-java/src/main/java/net/sourceforge/pmd/lang/java/ast/AssignmentOperator.java
pmd-java/src/main/java/net/sourceforge/pmd/lang/java/ast/BinaryOp.java,pmd-java/src/main/java/net/sourceforge/pmd/lang/java/ast/BinaryOperator.java
pmd-java/src/main/java/net/sourceforge/pmd/lang/java/ast/JavaTokenDocument.java,pmd-java/src/main/java/net/sourceforge/pmd/lang/java/ast/JavaTokenFactory.java
pmd-java/src/main/java/net/sourceforge/pmd/lang/java/ast/JavaTokenManager.java,pmd-java/src/main/java/net/sourceforge/pmd/lang/java/JavaTokenManager.java
pmd-java/src/main/java/net/sourceforge/pmd/lang/java/ast/TokenUtils.java,pmd-java/src/main/java/net/sourceforge/pmd/lang/java/ast/TokenOps.java
pmd-java/src/main/java/net/sourceforge/pmd/lang/java/ast/internal/LanguageLevelChecker.java,pmd-java/src/main/java/net/sourceforge/pmd/lang/java/ast/LanguageLevelChecker.java
pmd-java/src/main/java/net/sourceforge/pmd/lang/java/internal/JavaDataFlowHandler.java,pmd-java/src/main/java/net/sourceforge/pmd/lang/java/JavaDataFlowHandler.java
pmd-java/src/main/java/net/sourceforge/pmd/lang/java/internal/JavaLanguageHandler.java,pmd-java/src/main/java/net/sourceforge/pmd/lang/java/AbstractJavaHandler.java
pmd-java/src/main/java/net/sourceforge/pmd/lang/java/internal/JavaLanguageParser.java,pmd-java/src/main/java/net/sourceforge/pmd/lang/java/AbstractJavaParser.java
pmd-java/src/main/java/net/sourceforge/pmd/lang/java/internal/JavaProcessingStage.java,pmd-java/src/main/java/net/sourceforge/pmd/lang/java/JavaProcessingStage.java
pmd-java/src/main/java/net/sourceforge/pmd/lang/java/metrics/impl/internal/ClassFanOutVisitor.java,pmd-java/src/main/java/net/sourceforge/pmd/lang/java/metrics/impl/internal/CfoVisitor.java
pmd-java/src/main/java/net/sourceforge/pmd/lang/java/rule/errorprone/InvalidLogMessageFormatRule.java,pmd-java/src/main/java/net/sourceforge/pmd/lang/java/rule/errorprone/InvalidSlf4jMessageFormatRule.java
pmd-java/src/main/java/net/sourceforge/pmd/lang/java/rule/internal/AnnotationSuppressionUtil.java,pmd-java/src/main/java/net/sourceforge/pmd/lang/java/rule/AnnotationSuppressionUtil.java
pmd-java/src/main/java/net/sourceforge/pmd/lang/java/symbols/JVariableSymbol.java,pmd-java/src/main/java/net/sourceforge/pmd/lang/java/symbols/JValueSymbol.java
pmd-java/src/main/java/net/sourceforge/pmd/lang/java/symbols/internal/JAccessibleElementSymbol.java,pmd-java/src/main/java/net/sourceforge/pmd/lang/java/symbols/internal/JAccessibleDeclarationSymbol.java
pmd-java/src/main/java/net/sourceforge/pmd/lang/java/symbols/internal/JClassSymbol.java,pmd-java/src/main/java/net/sourceforge/pmd/lang/java/symbols/refs/JClassSymbol.java,pmd-java/src/main/java/net/sourceforge/pmd/lang/java/symbols/refs/JClassReference.java
pmd-java/src/main/java/net/sourceforge/pmd/lang/java/symbols/internal/JConstructorSymbol.java,pmd-java/src/main/java/net/sourceforge/pmd/lang/java/symbols/refs/JConstructorSymbol.java,pmd-java/src/main/java/net/sourceforge/pmd/lang/java/symbols/refs/JConstructorReference.java
pmd-java/src/main/java/net/sourceforge/pmd/lang/java/symbols/internal/JElementSymbol.java,pmd-java/src/main/java/net/sourceforge/pmd/lang/java/symbols/internal/JDeclarationSymbol.java
pmd-java/src/main/java/net/sourceforge/pmd/lang/java/symbols/internal/JFieldSymbol.java,pmd-java/src/main/java/net/sourceforge/pmd/lang/java/symbols/refs/JFieldSymbol.java,pmd-java/src/main/java/net/sourceforge/pmd/lang/java/symbols/refs/JFieldReference.java
pmd-java/src/main/java/net/sourceforge/pmd/lang/java/symbols/internal/JLocalVariableSymbol.java,pmd-java/src/main/java/net/sourceforge/pmd/lang/java/symbols/refs/JLocalVariableSymbol.java,pmd-java/src/main/java/net/sourceforge/pmd/lang/java/symbols/refs/JLocalVarReference.java
pmd-java/src/main/java/net/sourceforge/pmd/lang/java/symbols/internal/JMethodSymbol.java,pmd-java/src/main/java/net/sourceforge/pmd/lang/java/symbols/refs/JMethodSymbol.java,pmd-java/src/main/java/net/sourceforge/pmd/lang/java/symbols/refs/JMethodReference.java
pmd-java/src/main/java/net/sourceforge/pmd/lang/java/symbols/internal/JResolvableClassSymbol.java,pmd-java/src/main/java/net/sourceforge/pmd/lang/java/symbols/internal/JResolvableClassDeclarationSymbol.java
pmd-java/src/main/java/net/sourceforge/pmd/lang/java/symbols/internal/JSimpleTypeSymbol.java,pmd-java/src/main/java/net/sourceforge/pmd/lang/java/symbols/internal/JSimpleTypeDeclarationSymbol.java
pmd-java/src/main/java/net/sourceforge/pmd/lang/java/symbols/internal/JTypeParameterSymbol.java,pmd-java/src/main/java/net/sourceforge/pmd/lang/java/symbols/refs/JTypeParameterSymbol.java
pmd-java/src/main/java/net/sourceforge/pmd/lang/java/symbols/internal/JValueSymbol.java,pmd-java/src/main/java/net/sourceforge/pmd/lang/java/symbols/refs/JValueSymbol.java,pmd-java/src/main/java/net/sourceforge/pmd/lang/java/symbols/refs/JVarReference.java
pmd-java/src/main/java/net/sourceforge/pmd/lang/java/symbols/internal/impl/AbstractDeclarationSymbol.java,pmd-java/src/main/java/net/sourceforge/pmd/lang/java/symbols/internal/AbstractDeclarationSymbol.java
pmd-java/src/main/java/net/sourceforge/pmd/lang/java/symbols/internal/impl/Lazy.java,pmd-java/src/main/java/net/sourceforge/pmd/lang/java/symbols/internal/Lazy.java
pmd-java/src/main/java/net/sourceforge/pmd/lang/java/symbols/internal/impl/ast/AstClassSym.java,pmd-java/src/main/java/net/sourceforge/pmd/lang/java/symbols/internal/impl/ast/AstClassSymbol.java
pmd-java/src/main/java/net/sourceforge/pmd/lang/java/symbols/internal/impl/ast/AstCtorSym.java,pmd-java/src/main/java/net/sourceforge/pmd/lang/java/symbols/internal/impl/ast/AstCtorSymbol.java
pmd-java/src/main/java/net/sourceforge/pmd/lang/java/symbols/internal/impl/ast/AstMethodSym.java,pmd-java/src/main/java/net/sourceforge/pmd/lang/java/symbols/internal/impl/ast/AstMethodSymbol.java
pmd-java/src/main/java/net/sourceforge/pmd/lang/java/symbols/internal/impl/ast/AstSymbolMakerVisitor.java,pmd-java/src/main/java/net/sourceforge/pmd/lang/java/qname/QualifiedNameResolver.java
pmd-java/src/main/java/net/sourceforge/pmd/lang/java/symbols/scopes/internal/AbstractExternalSymbolTable.java,pmd-java/src/main/java/net/sourceforge/pmd/lang/java/symbols/scopes/internal/AbstractExternalScope.java
pmd-java/src/main/java/net/sourceforge/pmd/lang/java/symbols/scopes/internal/AbstractImportSymbolTable.java,pmd-java/src/main/java/net/sourceforge/pmd/lang/java/symbols/scopes/internal/AbstractImportScope.java
pmd-java/src/main/java/net/sourceforge/pmd/lang/java/symbols/scopes/internal/AbstractJSymbolTable.java,pmd-java/src/main/java/net/sourceforge/pmd/lang/java/symbols/scopes/internal/AbstractJScope.java
pmd-java/src/main/java/net/sourceforge/pmd/lang/java/symbols/scopes/internal/ImportOnDemandSymbolTable.java,pmd-java/src/main/java/net/sourceforge/pmd/lang/java/symbols/scopes/internal/ImportOnDemandScope.java
pmd-java/src/main/java/net/sourceforge/pmd/lang/java/symbols/scopes/internal/JavaLangSymbolTable.java,pmd-java/src/main/java/net/sourceforge/pmd/lang/java/symbols/scopes/internal/JavaLangScope.java
pmd-java/src/main/java/net/sourceforge/pmd/lang/java/symbols/scopes/internal/SamePackageSymbolTable.java,pmd-java/src/main/java/net/sourceforge/pmd/lang/java/symbols/scopes/internal/SamePackageScope.java
pmd-java/src/main/java/net/sourceforge/pmd/lang/java/symbols/scopes/internal/SingleImportSymbolTable.java,pmd-java/src/main/java/net/sourceforge/pmd/lang/java/symbols/scopes/internal/SingleImportScope.java
pmd-java/src/main/java/net/sourceforge/pmd/lang/java/symbols/table/internal/EmptySymbolTable.java,pmd-java/src/main/java/net/sourceforge/pmd/lang/java/symbols/scopes/internal/EmptyScope.java
pmd-java/src/main/java/net/sourceforge/pmd/lang/java/symbols/table/internal/SymbolTableHelper.java,pmd-java/src/main/java/net/sourceforge/pmd/lang/java/symbols/table/internal/SymbolTableResolveHelper.java
pmd-java/src/test/java/net/sourceforge/pmd/lang/java/rule/bestpractices/DoubleBraceInitializationTest.java,pmd-java/src/test/java/net/sourceforge/pmd/lang/java/rule/design/DoubleBraceInitializationTest.java
pmd-java/src/test/java/net/sourceforge/pmd/lang/java/rule/codestyle/UseShortArrayInitializerTest.java,pmd-java/src/test/java/net/sourceforge/pmd/lang/java/rule/codestyle/ArrayInitializationVerbosenessTest.java
pmd-java/src/test/java/net/sourceforge/pmd/lang/java/rule/errorprone/InvalidLogMessageFormatTest.java,pmd-java/src/test/java/net/sourceforge/pmd/lang/java/rule/errorprone/InvalidSlf4jMessageFormatTest.java
pmd-java/src/test/kotlin/javasymbols/testdata/SomeClassA.java,pmd-java/src/test/kotlin/net/sourceforge/pmd/lang/java/symbols/testdata/SomeClassA.java
pmd-java/src/test/kotlin/javasymbols/testdata/deep/PublicShadowed.java,pmd-java/src/test/kotlin/net/sourceforge/pmd/lang/java/symbols/testdata/ImportsTests.java
pmd-java/src/test/kotlin/net/sourceforge/pmd/lang/java/ast/ASTCatchClauseTest.kt,pmd-java/src/test/kotlin/net/sourceforge/pmd/lang/java/ast/ASTCatchStatementTest.kt
pmd-java/src/test/kotlin/net/sourceforge/pmd/lang/java/ast/ASTFieldAccessTest.kt,pmd-java/src/test/kotlin/net/sourceforge/pmd/lang/java/ast/ASTExpressionTest.kt
pmd-java/src/test/kotlin/net/sourceforge/pmd/lang/java/ast/ASTSwitchExpressionTests.kt,pmd-java/src/test/kotlin/net/sourceforge/pmd/lang/java/ast/SwitchExpressionTests.kt
pmd-java/src/test/kotlin/net/sourceforge/pmd/lang/java/ast/ASTTypeTest.kt,pmd-java/src/test/kotlin/net/sourceforge/pmd/lang/java/ast/ASTClassOrInterfaceTypeTest.kt
pmd-java/src/test/kotlin/net/sourceforge/pmd/lang/java/ast/TokenUtilsTest.kt,pmd-java/src/test/kotlin/net/sourceforge/pmd/lang/java/ast/TokenOpsTest.kt
pmd-java/src/test/kotlin/net/sourceforge/pmd/lang/java/symbols/Utils.kt,pmd-java/src/test/kotlin/net/sourceforge/pmd/lang/java/symbols/package.kt
pmd-java/src/test/kotlin/net/sourceforge/pmd/lang/java/symbols/table/HeaderScopesTest.kt,pmd-java/src/test/kotlin/net/sourceforge/pmd/lang/java/symbols/HeaderScopesTest.kt
pmd-java/src/test/resources/net/sourceforge/pmd/lang/java/ast/ParserCornerCases.java,pmd-java/src/test/resources/net/sourceforge/pmd/ast/ParserCornerCases.java
pmd-java/src/test/resources/net/sourceforge/pmd/lang/java/ast/ParserCornerCases17.java,pmd-java/src/test/resources/net/sourceforge/pmd/ast/ParserCornerCases17.java
pmd-java/src/test/resources/net/sourceforge/pmd/lang/java/ast/ParserCornerCases18.java,pmd-java/src/test/resources/net/sourceforge/pmd/ast/ParserCornerCases18.java
pmd-java/src/test/resources/net/sourceforge/pmd/lang/java/ast/jdkversiontests/java14/MultipleCaseLabels.java,pmd-java/src/test/resources/net/sourceforge/pmd/lang/java/ast/jdkversiontests/java12/MultipleCaseLabels.java
pmd-java/src/test/resources/net/sourceforge/pmd/lang/java/ast/jdkversiontests/java14/SimpleSwitchExpressions.java,pmd-java/src/test/resources/net/sourceforge/pmd/lang/java/ast/jdkversiontests/java12/SwitchExpressions.java
pmd-java/src/test/resources/net/sourceforge/pmd/lang/java/ast/jdkversiontests/java14/SwitchRules.java,pmd-java/src/test/resources/net/sourceforge/pmd/lang/java/ast/jdkversiontests/java12/SwitchRules.java
pmd-java/src/test/resources/net/sourceforge/pmd/lang/java/rule/bestpractices/xml/DoubleBraceInitialization.xml,pmd-java/src/test/resources/net/sourceforge/pmd/lang/java/rule/design/xml/DoubleBraceInitialization.xml
pmd-java/src/test/resources/net/sourceforge/pmd/lang/java/rule/codestyle/xml/UseShortArrayInitializer.xml,pmd-java/src/test/resources/net/sourceforge/pmd/lang/java/rule/codestyle/xml/ArrayInitializationVerboseness.xml
pmd-java/src/test/resources/net/sourceforge/pmd/lang/java/rule/errorprone/xml/InvalidLogMessageFormat.xml,pmd-java/src/test/resources/net/sourceforge/pmd/lang/java/rule/errorprone/xml/InvalidSlf4jMessageFormat.xml
pmd-javascript/etc/grammar/Ecmascript5.jj,pmd-javascript/etc/grammar/es5.jj
pmd-javascript/src/main/java/net/sourceforge/pmd/lang/ecmascript5/ast/Ecmascript5TokenManager.java,pmd-javascript/src/main/java/net/sourceforge/pmd/lang/ecmascript5/Ecmascript5TokenManager.java
pmd-jsp/etc/grammar/Jsp.jjt,pmd-jsp/etc/grammar/JspParser.jjt
pmd-jsp/src/main/java/net/sourceforge/pmd/lang/jsp/ast/JspParser.java,pmd-jsp/src/main/java/net/sourceforge/pmd/lang/jsp/JspParser.java
pmd-jsp/src/main/java/net/sourceforge/pmd/lang/jsp/ast/JspTokenManager.java,pmd-jsp/src/main/java/net/sourceforge/pmd/lang/jsp/JspTokenManager.java
pmd-lang-test/src/main/kotlin/net/sourceforge/pmd/lang/ast/test/BaseParsingHelper.kt,pmd-lang-test/src/main/kotlin/net/sourceforge/pmd/lang/ast/test/BaseParserTestUtil.kt
pmd-matlab/etc/grammar/Matlab.jj,pmd-matlab/etc/grammar/matlab.jj
pmd-matlab/src/main/java/net/sourceforge/pmd/lang/matlab/ast/MatlabTokenManager.java,pmd-matlab/src/main/java/net/sourceforge/pmd/lang/matlab/MatlabTokenManager.java
pmd-modelica/src/main/java/net/sourceforge/pmd/lang/modelica/ast/ModelicaParser.java,pmd-modelica/src/main/java/net/sourceforge/pmd/lang/modelica/ModelicaParser.java
pmd-modelica/src/main/java/net/sourceforge/pmd/lang/modelica/ast/ModelicaTokenManager.java,pmd-modelica/src/main/java/net/sourceforge/pmd/lang/modelica/ModelicaTokenManager.java
pmd-objectivec/etc/grammar/ObjectiveC.jj,pmd-objectivec/etc/grammar/ObjC2.0.jj
pmd-objectivec/src/main/java/net/sourceforge/pmd/lang/objectivec/ast/ObjectiveCTokenManager.java,pmd-objectivec/src/main/java/net/sourceforge/pmd/lang/objectivec/ObjectiveCTokenManager.java
pmd-plsql/etc/grammar/PLSQL.jjt,pmd-plsql/etc/grammar/PldocAST.jjt
pmd-plsql/src/main/java/net/sourceforge/pmd/lang/plsql/ast/PLSQLTokenManager.java,pmd-plsql/src/main/java/net/sourceforge/pmd/lang/plsql/PLSQLTokenManager.java
pmd-python/etc/grammar/Python.jj,pmd-python/etc/grammar/python.jj
pmd-scala/src/main/java/net/sourceforge/pmd/lang/scala/ast/ASTCase.java,pmd-scala/src/main/java/net/sourceforge/pmd/lang/scala/ast/nodes/ASTCase.java
pmd-scala/src/main/java/net/sourceforge/pmd/lang/scala/ast/ASTCtorPrimary.java,pmd-scala/src/main/java/net/sourceforge/pmd/lang/scala/ast/nodes/ASTCtorPrimary.java
pmd-scala/src/main/java/net/sourceforge/pmd/lang/scala/ast/ASTCtorSecondary.java,pmd-scala/src/main/java/net/sourceforge/pmd/lang/scala/ast/nodes/ASTCtorSecondary.java
pmd-scala/src/main/java/net/sourceforge/pmd/lang/scala/ast/ASTDeclDef.java,pmd-scala/src/main/java/net/sourceforge/pmd/lang/scala/ast/nodes/ASTDeclDef.java
pmd-scala/src/main/java/net/sourceforge/pmd/lang/scala/ast/ASTDeclType.java,pmd-scala/src/main/java/net/sourceforge/pmd/lang/scala/ast/nodes/ASTDeclType.java
pmd-scala/src/main/java/net/sourceforge/pmd/lang/scala/ast/ASTDeclVal.java,pmd-scala/src/main/java/net/sourceforge/pmd/lang/scala/ast/nodes/ASTDeclVal.java
pmd-scala/src/main/java/net/sourceforge/pmd/lang/scala/ast/ASTDeclVar.java,pmd-scala/src/main/java/net/sourceforge/pmd/lang/scala/ast/nodes/ASTDeclVar.java
pmd-scala/src/main/java/net/sourceforge/pmd/lang/scala/ast/ASTDefnClass.java,pmd-scala/src/main/java/net/sourceforge/pmd/lang/scala/ast/nodes/ASTDefnClass.java
pmd-scala/src/main/java/net/sourceforge/pmd/lang/scala/ast/ASTDefnDef.java,pmd-scala/src/main/java/net/sourceforge/pmd/lang/scala/ast/nodes/ASTDefnDef.java
pmd-scala/src/main/java/net/sourceforge/pmd/lang/scala/ast/ASTDefnMacro.java,pmd-scala/src/main/java/net/sourceforge/pmd/lang/scala/ast/nodes/ASTDefnMacro.java
pmd-scala/src/main/java/net/sourceforge/pmd/lang/scala/ast/ASTDefnObject.java,pmd-scala/src/main/java/net/sourceforge/pmd/lang/scala/ast/nodes/ASTDefnObject.java
pmd-scala/src/main/java/net/sourceforge/pmd/lang/scala/ast/ASTDefnTrait.java,pmd-scala/src/main/java/net/sourceforge/pmd/lang/scala/ast/nodes/ASTDefnTrait.java
pmd-scala/src/main/java/net/sourceforge/pmd/lang/scala/ast/ASTDefnType.java,pmd-scala/src/main/java/net/sourceforge/pmd/lang/scala/ast/nodes/ASTDefnType.java
pmd-scala/src/main/java/net/sourceforge/pmd/lang/scala/ast/ASTDefnVal.java,pmd-scala/src/main/java/net/sourceforge/pmd/lang/scala/ast/nodes/ASTDefnVal.java
pmd-scala/src/main/java/net/sourceforge/pmd/lang/scala/ast/ASTDefnVar.java,pmd-scala/src/main/java/net/sourceforge/pmd/lang/scala/ast/nodes/ASTDefnVar.java
pmd-scala/src/main/java/net/sourceforge/pmd/lang/scala/ast/ASTEnumeratorGenerator.java,pmd-scala/src/main/java/net/sourceforge/pmd/lang/scala/ast/nodes/ASTEnumeratorGenerator.java
pmd-scala/src/main/java/net/sourceforge/pmd/lang/scala/ast/ASTEnumeratorGuard.java,pmd-scala/src/main/java/net/sourceforge/pmd/lang/scala/ast/nodes/ASTEnumeratorGuard.java
pmd-scala/src/main/java/net/sourceforge/pmd/lang/scala/ast/ASTEnumeratorVal.java,pmd-scala/src/main/java/net/sourceforge/pmd/lang/scala/ast/nodes/ASTEnumeratorVal.java
pmd-scala/src/main/java/net/sourceforge/pmd/lang/scala/ast/ASTImport.java,pmd-scala/src/main/java/net/sourceforge/pmd/lang/scala/ast/nodes/ASTImport.java
pmd-scala/src/main/java/net/sourceforge/pmd/lang/scala/ast/ASTImporteeName.java,pmd-scala/src/main/java/net/sourceforge/pmd/lang/scala/ast/nodes/ASTImporteeName.java
pmd-scala/src/main/java/net/sourceforge/pmd/lang/scala/ast/ASTImporteeRename.java,pmd-scala/src/main/java/net/sourceforge/pmd/lang/scala/ast/nodes/ASTImporteeRename.java
pmd-scala/src/main/java/net/sourceforge/pmd/lang/scala/ast/ASTImporteeUnimport.java,pmd-scala/src/main/java/net/sourceforge/pmd/lang/scala/ast/nodes/ASTImporteeUnimport.java
pmd-scala/src/main/java/net/sourceforge/pmd/lang/scala/ast/ASTImporteeWildcard.java,pmd-scala/src/main/java/net/sourceforge/pmd/lang/scala/ast/nodes/ASTImporteeWildcard.java
pmd-scala/src/main/java/net/sourceforge/pmd/lang/scala/ast/ASTImporter.java,pmd-scala/src/main/java/net/sourceforge/pmd/lang/scala/ast/nodes/ASTImporter.java
pmd-scala/src/main/java/net/sourceforge/pmd/lang/scala/ast/ASTInit.java,pmd-scala/src/main/java/net/sourceforge/pmd/lang/scala/ast/nodes/ASTInit.java
pmd-scala/src/main/java/net/sourceforge/pmd/lang/scala/ast/ASTLitBoolean.java,pmd-scala/src/main/java/net/sourceforge/pmd/lang/scala/ast/nodes/ASTLitBoolean.java
pmd-scala/src/main/java/net/sourceforge/pmd/lang/scala/ast/ASTLitByte.java,pmd-scala/src/main/java/net/sourceforge/pmd/lang/scala/ast/nodes/ASTLitByte.java
pmd-scala/src/main/java/net/sourceforge/pmd/lang/scala/ast/ASTLitChar.java,pmd-scala/src/main/java/net/sourceforge/pmd/lang/scala/ast/nodes/ASTLitChar.java
pmd-scala/src/main/java/net/sourceforge/pmd/lang/scala/ast/ASTLitDouble.java,pmd-scala/src/main/java/net/sourceforge/pmd/lang/scala/ast/nodes/ASTLitDouble.java
pmd-scala/src/main/java/net/sourceforge/pmd/lang/scala/ast/ASTLitFloat.java,pmd-scala/src/main/java/net/sourceforge/pmd/lang/scala/ast/nodes/ASTLitFloat.java
pmd-scala/src/main/java/net/sourceforge/pmd/lang/scala/ast/ASTLitInt.java,pmd-scala/src/main/java/net/sourceforge/pmd/lang/scala/ast/nodes/ASTLitInt.java
pmd-scala/src/main/java/net/sourceforge/pmd/lang/scala/ast/ASTLitLong.java,pmd-scala/src/main/java/net/sourceforge/pmd/lang/scala/ast/nodes/ASTLitLong.java
pmd-scala/src/main/java/net/sourceforge/pmd/lang/scala/ast/ASTLitNull.java,pmd-scala/src/main/java/net/sourceforge/pmd/lang/scala/ast/nodes/ASTLitNull.java
pmd-scala/src/main/java/net/sourceforge/pmd/lang/scala/ast/ASTLitShort.java,pmd-scala/src/main/java/net/sourceforge/pmd/lang/scala/ast/nodes/ASTLitShort.java
pmd-scala/src/main/java/net/sourceforge/pmd/lang/scala/ast/ASTLitString.java,pmd-scala/src/main/java/net/sourceforge/pmd/lang/scala/ast/nodes/ASTLitString.java
pmd-scala/src/main/java/net/sourceforge/pmd/lang/scala/ast/ASTLitSymbol.java,pmd-scala/src/main/java/net/sourceforge/pmd/lang/scala/ast/nodes/ASTLitSymbol.java
pmd-scala/src/main/java/net/sourceforge/pmd/lang/scala/ast/ASTLitUnit.java,pmd-scala/src/main/java/net/sourceforge/pmd/lang/scala/ast/nodes/ASTLitUnit.java
pmd-scala/src/main/java/net/sourceforge/pmd/lang/scala/ast/ASTModAbstract.java,pmd-scala/src/main/java/net/sourceforge/pmd/lang/scala/ast/nodes/ASTModAbstract.java
pmd-scala/src/main/java/net/sourceforge/pmd/lang/scala/ast/ASTModAnnot.java,pmd-scala/src/main/java/net/sourceforge/pmd/lang/scala/ast/nodes/ASTModAnnot.java
pmd-scala/src/main/java/net/sourceforge/pmd/lang/scala/ast/ASTModCase.java,pmd-scala/src/main/java/net/sourceforge/pmd/lang/scala/ast/nodes/ASTModCase.java
pmd-scala/src/main/java/net/sourceforge/pmd/lang/scala/ast/ASTModContravariant.java,pmd-scala/src/main/java/net/sourceforge/pmd/lang/scala/ast/nodes/ASTModContravariant.java
pmd-scala/src/main/java/net/sourceforge/pmd/lang/scala/ast/ASTModCovariant.java,pmd-scala/src/main/java/net/sourceforge/pmd/lang/scala/ast/nodes/ASTModCovariant.java
pmd-scala/src/main/java/net/sourceforge/pmd/lang/scala/ast/ASTModFinal.java,pmd-scala/src/main/java/net/sourceforge/pmd/lang/scala/ast/nodes/ASTModFinal.java
pmd-scala/src/main/java/net/sourceforge/pmd/lang/scala/ast/ASTModImplicit.java,pmd-scala/src/main/java/net/sourceforge/pmd/lang/scala/ast/nodes/ASTModImplicit.java
pmd-scala/src/main/java/net/sourceforge/pmd/lang/scala/ast/ASTModInline.java,pmd-scala/src/main/java/net/sourceforge/pmd/lang/scala/ast/nodes/ASTModInline.java
pmd-scala/src/main/java/net/sourceforge/pmd/lang/scala/ast/ASTModLazy.java,pmd-scala/src/main/java/net/sourceforge/pmd/lang/scala/ast/nodes/ASTModLazy.java
pmd-scala/src/main/java/net/sourceforge/pmd/lang/scala/ast/ASTModOverride.java,pmd-scala/src/main/java/net/sourceforge/pmd/lang/scala/ast/nodes/ASTModOverride.java
pmd-scala/src/main/java/net/sourceforge/pmd/lang/scala/ast/ASTModPrivate.java,pmd-scala/src/main/java/net/sourceforge/pmd/lang/scala/ast/nodes/ASTModPrivate.java
pmd-scala/src/main/java/net/sourceforge/pmd/lang/scala/ast/ASTModProtected.java,pmd-scala/src/main/java/net/sourceforge/pmd/lang/scala/ast/nodes/ASTModProtected.java
pmd-scala/src/main/java/net/sourceforge/pmd/lang/scala/ast/ASTModSealed.java,pmd-scala/src/main/java/net/sourceforge/pmd/lang/scala/ast/nodes/ASTModSealed.java
pmd-scala/src/main/java/net/sourceforge/pmd/lang/scala/ast/ASTModValParam.java,pmd-scala/src/main/java/net/sourceforge/pmd/lang/scala/ast/nodes/ASTModValParam.java
pmd-scala/src/main/java/net/sourceforge/pmd/lang/scala/ast/ASTModVarParam.java,pmd-scala/src/main/java/net/sourceforge/pmd/lang/scala/ast/nodes/ASTModVarParam.java
pmd-scala/src/main/java/net/sourceforge/pmd/lang/scala/ast/ASTNameAnonymous.java,pmd-scala/src/main/java/net/sourceforge/pmd/lang/scala/ast/nodes/ASTNameAnonymous.java
pmd-scala/src/main/java/net/sourceforge/pmd/lang/scala/ast/ASTNameIndeterminate.java,pmd-scala/src/main/java/net/sourceforge/pmd/lang/scala/ast/nodes/ASTNameIndeterminate.java
pmd-scala/src/main/java/net/sourceforge/pmd/lang/scala/ast/ASTPatAlternative.java,pmd-scala/src/main/java/net/sourceforge/pmd/lang/scala/ast/nodes/ASTPatAlternative.java
pmd-scala/src/main/java/net/sourceforge/pmd/lang/scala/ast/ASTPatBind.java,pmd-scala/src/main/java/net/sourceforge/pmd/lang/scala/ast/nodes/ASTPatBind.java
pmd-scala/src/main/java/net/sourceforge/pmd/lang/scala/ast/ASTPatExtract.java,pmd-scala/src/main/java/net/sourceforge/pmd/lang/scala/ast/nodes/ASTPatExtract.java
pmd-scala/src/main/java/net/sourceforge/pmd/lang/scala/ast/ASTPatExtractInfix.java,pmd-scala/src/main/java/net/sourceforge/pmd/lang/scala/ast/nodes/ASTPatExtractInfix.java
pmd-scala/src/main/java/net/sourceforge/pmd/lang/scala/ast/ASTPatInterpolate.java,pmd-scala/src/main/java/net/sourceforge/pmd/lang/scala/ast/nodes/ASTPatInterpolate.java
pmd-scala/src/main/java/net/sourceforge/pmd/lang/scala/ast/ASTPatSeqWildcard.java,pmd-scala/src/main/java/net/sourceforge/pmd/lang/scala/ast/nodes/ASTPatSeqWildcard.java
pmd-scala/src/main/java/net/sourceforge/pmd/lang/scala/ast/ASTPatTuple.java,pmd-scala/src/main/java/net/sourceforge/pmd/lang/scala/ast/nodes/ASTPatTuple.java
pmd-scala/src/main/java/net/sourceforge/pmd/lang/scala/ast/ASTPatTyped.java,pmd-scala/src/main/java/net/sourceforge/pmd/lang/scala/ast/nodes/ASTPatTyped.java
pmd-scala/src/main/java/net/sourceforge/pmd/lang/scala/ast/ASTPatVar.java,pmd-scala/src/main/java/net/sourceforge/pmd/lang/scala/ast/nodes/ASTPatVar.java
pmd-scala/src/main/java/net/sourceforge/pmd/lang/scala/ast/ASTPatWildcard.java,pmd-scala/src/main/java/net/sourceforge/pmd/lang/scala/ast/nodes/ASTPatWildcard.java
pmd-scala/src/main/java/net/sourceforge/pmd/lang/scala/ast/ASTPatXml.java,pmd-scala/src/main/java/net/sourceforge/pmd/lang/scala/ast/nodes/ASTPatXml.java
pmd-scala/src/main/java/net/sourceforge/pmd/lang/scala/ast/ASTPkg.java,pmd-scala/src/main/java/net/sourceforge/pmd/lang/scala/ast/nodes/ASTPkg.java
pmd-scala/src/main/java/net/sourceforge/pmd/lang/scala/ast/ASTPkgObject.java,pmd-scala/src/main/java/net/sourceforge/pmd/lang/scala/ast/nodes/ASTPkgObject.java
pmd-scala/src/main/java/net/sourceforge/pmd/lang/scala/ast/ASTQuasi.java,pmd-scala/src/main/java/net/sourceforge/pmd/lang/scala/ast/nodes/ASTQuasi.java
pmd-scala/src/main/java/net/sourceforge/pmd/lang/scala/ast/ASTSelf.java,pmd-scala/src/main/java/net/sourceforge/pmd/lang/scala/ast/nodes/ASTSelf.java
pmd-scala/src/main/java/net/sourceforge/pmd/lang/scala/ast/ASTSource.java,pmd-scala/src/main/java/net/sourceforge/pmd/lang/scala/ast/nodes/ASTSource.java
pmd-scala/src/main/java/net/sourceforge/pmd/lang/scala/ast/ASTTemplate.java,pmd-scala/src/main/java/net/sourceforge/pmd/lang/scala/ast/nodes/ASTTemplate.java
pmd-scala/src/main/java/net/sourceforge/pmd/lang/scala/ast/ASTTermAnnotate.java,pmd-scala/src/main/java/net/sourceforge/pmd/lang/scala/ast/nodes/ASTTermAnnotate.java
pmd-scala/src/main/java/net/sourceforge/pmd/lang/scala/ast/ASTTermApply.java,pmd-scala/src/main/java/net/sourceforge/pmd/lang/scala/ast/nodes/ASTTermApply.java
pmd-scala/src/main/java/net/sourceforge/pmd/lang/scala/ast/ASTTermApplyInfix.java,pmd-scala/src/main/java/net/sourceforge/pmd/lang/scala/ast/nodes/ASTTermApplyInfix.java
pmd-scala/src/main/java/net/sourceforge/pmd/lang/scala/ast/ASTTermApplyType.java,pmd-scala/src/main/java/net/sourceforge/pmd/lang/scala/ast/nodes/ASTTermApplyType.java
pmd-scala/src/main/java/net/sourceforge/pmd/lang/scala/ast/ASTTermApplyUnary.java,pmd-scala/src/main/java/net/sourceforge/pmd/lang/scala/ast/nodes/ASTTermApplyUnary.java
pmd-scala/src/main/java/net/sourceforge/pmd/lang/scala/ast/ASTTermAscribe.java,pmd-scala/src/main/java/net/sourceforge/pmd/lang/scala/ast/nodes/ASTTermAscribe.java
pmd-scala/src/main/java/net/sourceforge/pmd/lang/scala/ast/ASTTermAssign.java,pmd-scala/src/main/java/net/sourceforge/pmd/lang/scala/ast/nodes/ASTTermAssign.java
pmd-scala/src/main/java/net/sourceforge/pmd/lang/scala/ast/ASTTermBlock.java,pmd-scala/src/main/java/net/sourceforge/pmd/lang/scala/ast/nodes/ASTTermBlock.java
pmd-scala/src/main/java/net/sourceforge/pmd/lang/scala/ast/ASTTermDo.java,pmd-scala/src/main/java/net/sourceforge/pmd/lang/scala/ast/nodes/ASTTermDo.java
pmd-scala/src/main/java/net/sourceforge/pmd/lang/scala/ast/ASTTermEta.java,pmd-scala/src/main/java/net/sourceforge/pmd/lang/scala/ast/nodes/ASTTermEta.java
pmd-scala/src/main/java/net/sourceforge/pmd/lang/scala/ast/ASTTermFor.java,pmd-scala/src/main/java/net/sourceforge/pmd/lang/scala/ast/nodes/ASTTermFor.java
pmd-scala/src/main/java/net/sourceforge/pmd/lang/scala/ast/ASTTermForYield.java,pmd-scala/src/main/java/net/sourceforge/pmd/lang/scala/ast/nodes/ASTTermForYield.java
pmd-scala/src/main/java/net/sourceforge/pmd/lang/scala/ast/ASTTermFunction.java,pmd-scala/src/main/java/net/sourceforge/pmd/lang/scala/ast/nodes/ASTTermFunction.java
pmd-scala/src/main/java/net/sourceforge/pmd/lang/scala/ast/ASTTermIf.java,pmd-scala/src/main/java/net/sourceforge/pmd/lang/scala/ast/nodes/ASTTermIf.java
pmd-scala/src/main/java/net/sourceforge/pmd/lang/scala/ast/ASTTermInterpolate.java,pmd-scala/src/main/java/net/sourceforge/pmd/lang/scala/ast/nodes/ASTTermInterpolate.java
pmd-scala/src/main/java/net/sourceforge/pmd/lang/scala/ast/ASTTermMatch.java,pmd-scala/src/main/java/net/sourceforge/pmd/lang/scala/ast/nodes/ASTTermMatch.java
pmd-scala/src/main/java/net/sourceforge/pmd/lang/scala/ast/ASTTermName.java,pmd-scala/src/main/java/net/sourceforge/pmd/lang/scala/ast/nodes/ASTTermName.java
pmd-scala/src/main/java/net/sourceforge/pmd/lang/scala/ast/ASTTermNew.java,pmd-scala/src/main/java/net/sourceforge/pmd/lang/scala/ast/nodes/ASTTermNew.java
pmd-scala/src/main/java/net/sourceforge/pmd/lang/scala/ast/ASTTermNewAnonymous.java,pmd-scala/src/main/java/net/sourceforge/pmd/lang/scala/ast/nodes/ASTTermNewAnonymous.java
pmd-scala/src/main/java/net/sourceforge/pmd/lang/scala/ast/ASTTermParam.java,pmd-scala/src/main/java/net/sourceforge/pmd/lang/scala/ast/nodes/ASTTermParam.java
pmd-scala/src/main/java/net/sourceforge/pmd/lang/scala/ast/ASTTermPartialFunction.java,pmd-scala/src/main/java/net/sourceforge/pmd/lang/scala/ast/nodes/ASTTermPartialFunction.java
pmd-scala/src/main/java/net/sourceforge/pmd/lang/scala/ast/ASTTermPlaceholder.java,pmd-scala/src/main/java/net/sourceforge/pmd/lang/scala/ast/nodes/ASTTermPlaceholder.java
pmd-scala/src/main/java/net/sourceforge/pmd/lang/scala/ast/ASTTermRepeated.java,pmd-scala/src/main/java/net/sourceforge/pmd/lang/scala/ast/nodes/ASTTermRepeated.java
pmd-scala/src/main/java/net/sourceforge/pmd/lang/scala/ast/ASTTermReturn.java,pmd-scala/src/main/java/net/sourceforge/pmd/lang/scala/ast/nodes/ASTTermReturn.java
pmd-scala/src/main/java/net/sourceforge/pmd/lang/scala/ast/ASTTermSelect.java,pmd-scala/src/main/java/net/sourceforge/pmd/lang/scala/ast/nodes/ASTTermSelect.java
pmd-scala/src/main/java/net/sourceforge/pmd/lang/scala/ast/ASTTermSuper.java,pmd-scala/src/main/java/net/sourceforge/pmd/lang/scala/ast/nodes/ASTTermSuper.java
pmd-scala/src/main/java/net/sourceforge/pmd/lang/scala/ast/ASTTermThis.java,pmd-scala/src/main/java/net/sourceforge/pmd/lang/scala/ast/nodes/ASTTermThis.java
pmd-scala/src/main/java/net/sourceforge/pmd/lang/scala/ast/ASTTermThrow.java,pmd-scala/src/main/java/net/sourceforge/pmd/lang/scala/ast/nodes/ASTTermThrow.java
pmd-scala/src/main/java/net/sourceforge/pmd/lang/scala/ast/ASTTermTry.java,pmd-scala/src/main/java/net/sourceforge/pmd/lang/scala/ast/nodes/ASTTermTry.java
pmd-scala/src/main/java/net/sourceforge/pmd/lang/scala/ast/ASTTermTryWithHandler.java,pmd-scala/src/main/java/net/sourceforge/pmd/lang/scala/ast/nodes/ASTTermTryWithHandler.java
pmd-scala/src/main/java/net/sourceforge/pmd/lang/scala/ast/ASTTermTuple.java,pmd-scala/src/main/java/net/sourceforge/pmd/lang/scala/ast/nodes/ASTTermTuple.java
pmd-scala/src/main/java/net/sourceforge/pmd/lang/scala/ast/ASTTermWhile.java,pmd-scala/src/main/java/net/sourceforge/pmd/lang/scala/ast/nodes/ASTTermWhile.java
pmd-scala/src/main/java/net/sourceforge/pmd/lang/scala/ast/ASTTermXml.java,pmd-scala/src/main/java/net/sourceforge/pmd/lang/scala/ast/nodes/ASTTermXml.java
pmd-scala/src/main/java/net/sourceforge/pmd/lang/scala/ast/ASTTypeAnd.java,pmd-scala/src/main/java/net/sourceforge/pmd/lang/scala/ast/nodes/ASTTypeAnd.java
pmd-scala/src/main/java/net/sourceforge/pmd/lang/scala/ast/ASTTypeAnnotate.java,pmd-scala/src/main/java/net/sourceforge/pmd/lang/scala/ast/nodes/ASTTypeAnnotate.java
pmd-scala/src/main/java/net/sourceforge/pmd/lang/scala/ast/ASTTypeApply.java,pmd-scala/src/main/java/net/sourceforge/pmd/lang/scala/ast/nodes/ASTTypeApply.java
pmd-scala/src/main/java/net/sourceforge/pmd/lang/scala/ast/ASTTypeApplyInfix.java,pmd-scala/src/main/java/net/sourceforge/pmd/lang/scala/ast/nodes/ASTTypeApplyInfix.java
pmd-scala/src/main/java/net/sourceforge/pmd/lang/scala/ast/ASTTypeBounds.java,pmd-scala/src/main/java/net/sourceforge/pmd/lang/scala/ast/nodes/ASTTypeBounds.java
pmd-scala/src/main/java/net/sourceforge/pmd/lang/scala/ast/ASTTypeByName.java,pmd-scala/src/main/java/net/sourceforge/pmd/lang/scala/ast/nodes/ASTTypeByName.java
pmd-scala/src/main/java/net/sourceforge/pmd/lang/scala/ast/ASTTypeExistential.java,pmd-scala/src/main/java/net/sourceforge/pmd/lang/scala/ast/nodes/ASTTypeExistential.java
pmd-scala/src/main/java/net/sourceforge/pmd/lang/scala/ast/ASTTypeFunction.java,pmd-scala/src/main/java/net/sourceforge/pmd/lang/scala/ast/nodes/ASTTypeFunction.java
pmd-scala/src/main/java/net/sourceforge/pmd/lang/scala/ast/ASTTypeImplicitFunction.java,pmd-scala/src/main/java/net/sourceforge/pmd/lang/scala/ast/nodes/ASTTypeImplicitFunction.java
pmd-scala/src/main/java/net/sourceforge/pmd/lang/scala/ast/ASTTypeLambda.java,pmd-scala/src/main/java/net/sourceforge/pmd/lang/scala/ast/nodes/ASTTypeLambda.java
pmd-scala/src/main/java/net/sourceforge/pmd/lang/scala/ast/ASTTypeMethod.java,pmd-scala/src/main/java/net/sourceforge/pmd/lang/scala/ast/nodes/ASTTypeMethod.java
pmd-scala/src/main/java/net/sourceforge/pmd/lang/scala/ast/ASTTypeName.java,pmd-scala/src/main/java/net/sourceforge/pmd/lang/scala/ast/nodes/ASTTypeName.java
pmd-scala/src/main/java/net/sourceforge/pmd/lang/scala/ast/ASTTypeOr.java,pmd-scala/src/main/java/net/sourceforge/pmd/lang/scala/ast/nodes/ASTTypeOr.java
pmd-scala/src/main/java/net/sourceforge/pmd/lang/scala/ast/ASTTypeParam.java,pmd-scala/src/main/java/net/sourceforge/pmd/lang/scala/ast/nodes/ASTTypeParam.java
pmd-scala/src/main/java/net/sourceforge/pmd/lang/scala/ast/ASTTypePlaceholder.java,pmd-scala/src/main/java/net/sourceforge/pmd/lang/scala/ast/nodes/ASTTypePlaceholder.java
pmd-scala/src/main/java/net/sourceforge/pmd/lang/scala/ast/ASTTypeProject.java,pmd-scala/src/main/java/net/sourceforge/pmd/lang/scala/ast/nodes/ASTTypeProject.java
pmd-scala/src/main/java/net/sourceforge/pmd/lang/scala/ast/ASTTypeRefine.java,pmd-scala/src/main/java/net/sourceforge/pmd/lang/scala/ast/nodes/ASTTypeRefine.java
pmd-scala/src/main/java/net/sourceforge/pmd/lang/scala/ast/ASTTypeRepeated.java,pmd-scala/src/main/java/net/sourceforge/pmd/lang/scala/ast/nodes/ASTTypeRepeated.java
pmd-scala/src/main/java/net/sourceforge/pmd/lang/scala/ast/ASTTypeSelect.java,pmd-scala/src/main/java/net/sourceforge/pmd/lang/scala/ast/nodes/ASTTypeSelect.java
pmd-scala/src/main/java/net/sourceforge/pmd/lang/scala/ast/ASTTypeSingleton.java,pmd-scala/src/main/java/net/sourceforge/pmd/lang/scala/ast/nodes/ASTTypeSingleton.java
pmd-scala/src/main/java/net/sourceforge/pmd/lang/scala/ast/ASTTypeTuple.java,pmd-scala/src/main/java/net/sourceforge/pmd/lang/scala/ast/nodes/ASTTypeTuple.java
pmd-scala/src/main/java/net/sourceforge/pmd/lang/scala/ast/ASTTypeVar.java,pmd-scala/src/main/java/net/sourceforge/pmd/lang/scala/ast/nodes/ASTTypeVar.java
pmd-scala/src/main/java/net/sourceforge/pmd/lang/scala/ast/ASTTypeWith.java,pmd-scala/src/main/java/net/sourceforge/pmd/lang/scala/ast/nodes/ASTTypeWith.java
pmd-scala/src/main/java/net/sourceforge/pmd/lang/scala/ast/AbstractScalaNode.java,pmd-scala/src/main/java/net/sourceforge/pmd/lang/scala/ast/nodes/AbstractScalaNode.java
pmd-scala/src/main/java/net/sourceforge/pmd/lang/scala/ast/ScalaParser.java,pmd-scala/src/main/java/net/sourceforge/pmd/lang/scala/ScalaParser.java
pmd-scala/src/test/java/net/sourceforge/pmd/lang/scala/ast/ScalaParserTest.java,pmd-scala/src/test/java/net/sourceforge/pmd/scala/ScalaParserTest.java
pmd-scala/src/test/java/net/sourceforge/pmd/lang/scala/rule/ScalaRuleTest.java,pmd-scala/src/test/java/net/sourceforge/pmd/scala/rule/ScalaRuleTest.java
pmd-scala/src/test/java/net/sourceforge/pmd/lang/scala/rule/XPathRuleTest.java,pmd-scala/src/test/java/net/sourceforge/pmd/scala/rule/XPathRuleTest.java
pmd-scala/src/test/resources/tokenizerFiles/sample-LiftActor.scala,pmd-scala/src/test/resources/org/sonar/plugins/scala/cpd/sample-LiftActor.scala
pmd-swift/src/main/antlr4/net/sourceforge/pmd/lang/swift/ast/Swift.g4,pmd-swift/src/main/antlr4/net/sourceforge/pmd/lang/swift/antlr4/Swift.g4
pmd-visualforce/etc/grammar/Vf.jjt,pmd-visualforce/etc/grammar/VfParser.jjt
pmd-visualforce/src/main/java/net/sourceforge/pmd/lang/vf/ast/VfParser.java,pmd-visualforce/src/main/java/net/sourceforge/pmd/lang/vf/VfParser.java
pmd-visualforce/src/main/java/net/sourceforge/pmd/lang/vf/ast/VfTokenManager.java,pmd-visualforce/src/main/java/net/sourceforge/pmd/lang/vf/VfTokenManager.java
pmd-vm/etc/grammar/Vm.jjt,pmd-vm/etc/grammar/VmParser.jjt
pmd-vm/src/main/java/net/sourceforge/pmd/lang/vm/ast/ASTTemplate.java,pmd-vm/src/main/java/net/sourceforge/pmd/lang/vm/ast/ASTprocess.java
pmd-vm/src/main/java/net/sourceforge/pmd/lang/vm/ast/VmTokenManager.java,pmd-vm/src/main/java/net/sourceforge/pmd/lang/vm/VmTokenManager.java
pmd-xml/src/main/java/net/sourceforge/pmd/lang/xml/ast/internal/DOMLineNumbers.java,pmd-xml/src/main/java/net/sourceforge/pmd/lang/xml/ast/DOMLineNumbers.java
pmd-xml/src/main/java/net/sourceforge/pmd/lang/xml/ast/internal/XmlNodeWrapper.java,pmd-xml/src/main/java/net/sourceforge/pmd/lang/xml/ast/XmlNodeWrapper.java
pmd-xml/src/main/java/net/sourceforge/pmd/lang/xml/ast/internal/XmlParserImpl.java,pmd-xml/src/main/java/net/sourceforge/pmd/lang/xml/ast/XmlParser.java
